"   ","GPMS_ID","REGION","COUNTRY"
"1","303520","EMIA","BY"
"2","002860","LATAM","MX"
"3","100437","CA","CA"
"4","002990","US","US"
"5","300568","EU","EU"
"6","002254","US","US"
"7","000356","US","US"
"8","000590","US","US"
"9","004692","US","US"
"10","300123","EU","EU"
"11","004702","US","US"
"12","004705","US","US"
"13","100481","CA","CA"
"14","000131","US","US"
"15","000570","US","US"
"16","004713","US","US"
"17","000155","US","US"
"18","000678","US","US"
"19","000207","US","US"
"20","300127","EU","EU"
"21","001090","US","US"
"22","004824","US","US"
"23","003169","US","US"
"24","100124","CA","CA"
"25","000607","US","US"
"26","000597","US","US"
"27","300430","EU","EU"
"28","001186","US","US"
"29","100188","CA","CA"
"30","304488","US","US"
"31","001764","US","US"
"32","000162","US","US"
"33","100448","CA","CA"
"34","100296","CA","CA"
"35","002078","US","US"
"36","000329","US","US"
"37","000362","US","US"
"38","003840","US","US"
"39","004689","US","US"
"40","300145","EU","EU"
"41","004697","US","US"
"42","000765","US","US"
"43","000755","US","US"
"44","000345","US","US"
"45","002306","US","US"
"46","001833","EU","EU"
"47","100194","CA","CA"
"48","000971","US","US"
"49","000173","US","US"
"50","000399","US","US"
"51","001963","US","US"
"52","001141","US","US"
"53","304496","US","US"
"54","000730","US","US"
"55","000177","US","US"
"56","002268","US","US"
"57","000103","US","US"
"58","004744","US","US"
"59","000552","US","US"
"60","001651","US","US"
"61","100544","CA","CA"
"62","000468","US","US"
"63","000360","US","US"
"64","100656","CA","CA"
"65","000189","US","US"
"66","004395","US","US"
"67","000496","US","US"
"68","000301","US","US"
"69","004722","US","US"
"70","001753","EU","EU"
"71","000920","CA","CA"
"72","000190","US","US"
"73","000568","US","US"
"74","001621","US","US"
"75","002009","US","US"
"76","001479","US","US"
"77","003841","US","US"
"78","100393","CA","CA"
"79","002415","US","US"
"80","000610","US","US"
"81","003255","US","US"
"82","000666","US","US"
"83","700128","EU","EU"
"84","300893","EU","EU"
"85","300130","EU","EU"
"86","002065","US","US"
"87","001361","US","US"
"88","300102","EU","EU"
"89","300774","EU","EU"
"90","000747","US","US"
"91","300177","EU","EU"
"92","003985","US","US"
"93","001501","US","US"
"94","000317","US","US"
"95","000652","US","US"
"96","001166","CA","CA"
"97","100432","CA","CA"
"98","302767","EU","EU"
"99","000673","US","US"
"100","300821","EU","EU"
"101","000745","US","US"
"102","001278","US","US"
"103","003877","US","US"
"104","000146","US","US"
"105","004881","US","US"
"106","000371","US","US"
"107","000213","US","US"
"108","000547","US","US"
"109","000382","US","US"
"110","000125","US","US"
"111","004719","US","US"
"112","003874","US","US"
"113","300822","CA","CA"
"114","001974","US","US"
"115","000383","US","US"
"116","001981","US","US"
"117","001975","CA","CA"
"118","002212","EU","EU"
"119","000274","US","US"
"120","300443","EU","EU"
"121","001672","US","US"
"122","302369","EU","EU"
"123","300241","EU","EU"
"124","004730","US","US"
"125","001334","EU","EU"
"126","100539","CA","CA"
"127","000132","US","US"
"128","300491","EU","EU"
"129","000631","US","US"
"130","300559","EU","EU"
"131","001096","US","US"
"132","001687","CA","CA"
"133","000923","CA","CA"
"134","300837","EU","EU"
"135","000266","US","US"
"136","001686","EU","EU"
"137","003833","US","US"
"138","100185","CA","CA"
"139","003972","US","US"
"140","000646","US","US"
"141","003416","US","US"
"142","004821","US","US"
"143","004736","US","US"
"144","001534","US","US"
"145","001424","US","US"
"146","000645","US","US"
"147","300703","EU","EU"
"148","000138","US","US"
"149","001425","US","US"
"150","000270","US","US"
"151","001994","US","US"
"152","000940","US","US"
"153","000374","US","US"
"154","000727","US","US"
"155","000326","US","US"
"156","001426","CA","CA"
"157","003915","US","US"
"158","000674","US","US"
"159","001995","CA","CA"
"160","100301","CA","CA"
"161","001179","US","US"
"162","000299","US","US"
"163","001463","US","US"
"164","100399","CA","CA"
"165","001723","EU","EU"
"166","001406","US","US"
"167","100231","CA","CA"
"168","002529","EU","EU"
"169","000424","US","US"
"170","001408","US","US"
"171","001656","US","US"
"172","004873","US","US"
"173","001428","US","US"
"174","300425","EU","EU"
"175","001655","US","US"
"176","001074","US","US"
"177","100703","CA","CA"
"178","000203","US","US"
"179","004861","US","US"
"180","003200","US","US"
"181","000192","US","US"
"182","000633","US","US"
"183","000425","US","US"
"184","100463","CA","CA"
"185","000579","US","US"
"186","001657","EU","EU"
"187","100501","CA","CA"
"188","003871","US","US"
"189","300280","EU","EU"
"190","000233","US","US"
"191","000260","US","US"
"192","000663","US","US"
"193","100428","CA","CA"
"194","000488","US","US"
"195","100322","CA","CA"
"196","100191","CA","CA"
"197","300364","EU","EU"
"198","001266","EU","EU"
"199","003913","US","US"
"200","000974","EU","EU"
"201","000148","US","US"
"202","000280","US","US"
"203","001958","CA","CA"
"204","300575","EU","EU"
"205","300714","US","US"
"206","000541","US","US"
"207","001264","EU","EU"
"208","004716","US","US"
"209","000695","US","US"
"210","000545","US","US"
"211","300445","EU","EU"
"212","000343","US","US"
"213","004687","US","US"
"214","300360","EU","EU"
"215","001488","US","US"
"216","100412","CA","CA"
"217","002362","EU","EU"
"218","001289","US","US"
"219","001786","CA","CA"
"220","001588","US","US"
"221","002129","US","US"
"222","000472","US","US"
"223","000591","US","US"
"224","004688","US","US"
"225","001959","EU","EU"
"226","300561","EU","EU"
"227","000238","US","US"
"228","100449","CA","CA"
"229","003892","US","US"
"230","002179","EU","EU"
"231","000458","US","US"
"232","003646","US","US"
"233","001190","US","US"
"234","300817","US","US"
"235","001439","US","US"
"236","100397","CA","CA"
"237","000136","US","US"
"238","001798","EU","EU"
"239","003029","US","US"
"240","300907","EU","EU"
"241","300462","EU","EU"
"242","000964","US","US"
"243","002623","EU","EU"
"244","000966","US","US"
"245","000271","US","US"
"246","000592","US","US"
"247","004723","US","US"
"248","000617","US","US"
"249","304649","EU","EU"
"250","000779","US","US"
"251","001430","US","US"
"252","001160","US","US"
"253","100271","CA","CA"
"254","100101","CA","CA"
"255","302795","CA","CA"
"256","001540","US","US"
"257","001161","CA","CA"
"258","302804","CA","CA"
"259","300382","EU","EU"
"260","000242","US","US"
"261","001675","EU","EU"
"262","100452","CA","CA"
"263","300835","EU","EU"
"264","002402","US","US"
"265","000704","US","US"
"266","000980","US","US"
"267","300528","EU","EU"
"268","100229","CA","CA"
"269","003876","US","US"
"270","001525","US","US"
"271","300785","EU","EU"
"272","100203","CA","CA"
"273","000566","US","US"
"274","001784","US","US"
"275","002030","US","US"
"276","002369","US","US"
"277","000415","US","US"
"278","000217","US","US"
"279","000293","US","US"
"280","000777","US","US"
"281","300398","EU","EU"
"282","001736","EU","EU"
"283","001727","US","US"
"284","001250","US","US"
"285","004757","US","US"
"286","000685","US","US"
"287","100457","CA","CA"
"288","300472","EU","EU"
"289","001866","US","US"
"290","000976","EU","EU"
"291","000714","US","US"
"292","000153","US","US"
"293","001248","US","US"
"294","002761","US","US"
"295","000639","US","US"
"296","000265","US","US"
"297","001158","CA","CA"
"298","002970","US","US"
"299","100378","CA","CA"
"300","001890","US","US"
"301","001606","CA","CA"
"302","300101","EU","EU"
"303","300118","EU","EU"
"304","000619","US","US"
"305","001231","EU","EU"
"306","000117","US","US"
"307","000551","US","US"
"308","002408","US","US"
"309","300353","EU","EU"
"310","300204","EU","EU"
"311","000921","CA","CA"
"312","000102","US","US"
"313","001381","US","US"
"314","000717","US","US"
"315","000939","US","US"
"316","001441","US","US"
"317","000494","US","US"
"318","001137","US","US"
"319","001153","US","US"
"320","000694","US","US"
"321","000470","US","US"
"322","000219","US","US"
"323","000567","US","US"
"324","000116","US","US"
"325","000571","US","US"
"326","000241","US","US"
"327","000243","US","US"
"328","002077","US","US"
"329","001232","EU","EU"
"330","000168","US","US"
"331","001185","US","US"
"332","000198","US","US"
"333","300698","EU","EU"
"334","100505","CA","CA"
"335","001225","US","US"
"336","000248","US","US"
"337","003911","US","US"
"338","300519","EU","EU"
"339","001183","US","US"
"340","001134","US","US"
"341","000417","US","US"
"342","000748","US","US"
"343","001498","US","US"
"344","000459","US","US"
"345","100200","CA","CA"
"346","002340","US","US"
"347","004755","US","US"
"348","000952","US","US"
"349","300550","EU","EU"
"350","000955","US","US"
"351","300173","EU","EU"
"352","300562","EU","EU"
"353","000608","US","US"
"354","300247","EU","EU"
"355","000104","US","US"
"356","001781","US","US"
"357","100221","CA","CA"
"358","000707","US","US"
"359","000480","US","US"
"360","000193","US","US"
"361","100521","CA","CA"
"362","001287","US","US"
"363","000435","US","US"
"364","100462","CA","CA"
"365","300787","EU","EU"
"366","301148","US","US"
"367","002991","US","US"
"368","100100","CA","CA"
"369","000667","US","US"
"370","000953","US","US"
"371","100111","CA","CA"
"372","004828","US","US"
"373","003845","US","US"
"374","004798","US","US"
"375","000638","US","US"
"376","001063","US","US"
"377","002020","US","US"
"378","003879","US","US"
"379","100453","CA","CA"
"380","000711","US","US"
"381","000582","US","US"
"382","300329","EU","EU"
"383","001420","US","US"
"384","100232","CA","CA"
"385","001157","US","US"
"386","000705","US","US"
"387","001776","EU","EU"
"388","002580","EU","EU"
"389","100657","CA","CA"
"390","001139","US","US"
"391","001775","EU","EU"
"392","000492","US","US"
"393","000465","US","US"
"394","000768","US","US"
"395","000220","US","US"
"396","001073","US","US"
"397","001376","US","US"
"398","000512","US","US"
"399","000525","US","US"
"400","000900","US","US"
"401","001673","US","US"
"402","000643","US","US"
"403","001732","US","US"
"404","000312","US","US"
"405","002147","EU","EU"
"406","001127","US","US"
"407","003832","US","US"
"408","300548","EU","EU"
"409","000526","US","US"
"410","300531","EU","EU"
"411","000732","US","US"
"412","001122","US","US"
"413","000111","US","US"
"414","001233","CA","CA"
"415","001320","EU","EU"
"416","300216","EU","EU"
"417","002308","US","US"
"418","002934","US","US"
"419","000513","US","US"
"420","100502","CA","CA"
"421","000539","US","US"
"422","100706","CA","CA"
"423","000510","US","US"
"424","100664","CA","CA"
"425","100530","CA","CA"
"426","000644","US","US"
"427","003175","US","US"
"428","004797","US","US"
"429","000338","US","US"
"430","100419","CA","CA"
"431","004706","US","US"
"432","000498","US","US"
"433","000554","US","US"
"434","304494","US","US"
"435","000962","US","US"
"436","000690","US","US"
"437","000529","US","US"
"438","002022","US","US"
"439","300566","EU","EU"
"440","001415","US","US"
"441","000601","US","US"
"442","000487","US","US"
"443","300316","EU","EU"
"444","000981","US","US"
"445","000464","US","US"
"446","001645","US","US"
"447","000729","US","US"
"448","003839","US","US"
"449","000452","US","US"
"450","001130","EU","EU"
"451","004690","US","US"
"452","001095","US","US"
"453","300308","EU","EU"
"454","000142","US","US"
"455","001474","US","US"
"456","000387","US","US"
"457","002528","EU","EU"
"458","100543","CA","CA"
"459","002320","US","US"
"460","002974","US","US"
"461","100450","CA","CA"
"462","003869","US","US"
"463","001894","US","US"
"464","300184","EU","EU"
"465","300779","CA","CA"
"466","000221","US","US"
"467","000178","US","US"
"468","300898","CA","CA"
"469","001453","US","US"
"470","002400","US","US"
"471","000954","US","US"
"472","300784","EU","EU"
"473","304492","US","US"
"474","000642","US","US"
"475","002602","US","US"
"476","001649","US","US"
"477","001121","US","US"
"478","000987","EU","EU"
"479","001143","US","US"
"480","002080","US","US"
"481","100389","CA","CA"
"482","001475","US","US"
"483","003905","US","US"
"484","100310","CA","CA"
"485","003890","US","US"
"486","000366","US","US"
"487","000164","US","US"
"488","001132","US","US"
"489","300889","US","US"
"490","300762","US","US"
"491","001623","EU","EU"
"492","000319","US","US"
"493","000602","US","US"
"494","000110","US","US"
"495","300560","EU","EU"
"496","001906","US","US"
"497","000615","US","US"
"498","003375","US","US"
"499","000760","US","US"
"500","000171","US","US"
"501","000596","US","US"
"502","300412","EU","EU"
"503","000200","US","US"
"504","000544","US","US"
"505","000447","US","US"
"506","001956","EU","EU"
"507","100300","CA","CA"
"508","001666","US","US"
"509","004704","US","US"
"510","300772","EU","EU"
"511","300346","EU","EU"
"512","002289","EU","EU"
"513","004788","US","US"
"514","000982","US","US"
"515","003954","US","US"
"516","000453","US","US"
"517","000451","US","US"
"518","003334","US","US"
"519","100517","CA","CA"
"520","002064","US","US"
"521","300778","CA","CA"
"522","000476","US","US"
"523","000264","US","US"
"524","001119","US","US"
"525","001182","US","US"
"526","001828","US","US"
"527","000191","US","US"
"528","000649","US","US"
"529","100474","CA","CA"
"530","000289","US","US"
"531","003989","US","US"
"532","000744","US","US"
"533","300572","EU","EU"
"534","001877","EU","EU"
"535","001499","US","US"
"536","000428","US","US"
"537","300557","EU","EU"
"538","300354","EU","EU"
"539","001917","US","US"
"540","001683","EU","EU"
"541","000175","US","US"
"542","000279","US","US"
"543","100504","CA","CA"
"544","004695","US","US"
"545","300359","EU","EU"
"546","001093","US","US"
"547","001421","US","US"
"548","001237","US","US"
"549","000455","US","US"
"550","001224","US","US"
"551","001386","EU","EU"
"552","000523","US","US"
"553","002971","US","US"
"554","000679","US","US"
"555","001859","US","US"
"556","001085","US","US"
"557","000599","US","US"
"558","304489","US","US"
"559","000308","US","US"
"560","002557","EU","EU"
"561","000776","US","US"
"562","000139","US","US"
"563","001523","US","US"
"564","004879","US","US"
"565","700114","EU","EU"
"566","000497","US","US"
"567","000565","US","US"
"568","000658","US","US"
"569","100366","CA","CA"
"570","000948","US","US"
"571","004885","US","US"
"572","000677","US","US"
"573","300580","EU","EU"
"574","004743","US","US"
"575","000123","US","US"
"576","000370","US","US"
"577","001352","US","US"
"578","000600","US","US"
"579","100199","CA","CA"
"580","004350","US","US"
"581","003903","US","US"
"582","001538","EU","EU"
"583","700117","EU","EU"
"584","003014","US","US"
"585","300477","EU","EU"
"586","002248","EU","EU"
"587","002085","US","US"
"588","000764","US","US"
"589","004567","US","US"
"590","001624","EU","EU"
"591","004822","US","US"
"592","100248","CA","CA"
"593","001973","CA","CA"
"594","002923","US","US"
"595","000501","US","US"
"596","000186","US","US"
"597","002712","EU","EU"
"598","100171","CA","CA"
"599","000698","US","US"
"600","000614","US","US"
"601","004382","US","US"
"602","303628","US","US"
"603","000438","US","US"
"604","000703","US","US"
"605","001189","US","US"
"606","004724","US","US"
"607","000442","US","US"
"608","000384","US","US"
"609","000589","US","US"
"610","000738","US","US"
"611","001557","EU","EU"
"612","000124","US","US"
"613","000569","US","US"
"614","303778","CA","CA"
"615","001202","US","US"
"616","004383","US","US"
"617","000202","US","US"
"618","004883","US","US"
"619","000778","US","US"
"620","001484","US","US"
"621","100392","CA","CA"
"622","300512","EU","EU"
"623","000129","US","US"
"624","100532","CA","CA"
"625","003734","US","US"
"626","002596","EU","EU"
"627","001746","EU","EU"
"628","000420","US","US"
"629","000676","US","US"
"630","001242","EU","EU"
"631","300899","EU","EU"
"632","303705","US","US"
"633","000741","US","US"
"634","100211","CA","CA"
"635","000247","US","US"
"636","300786","EU","EU"
"637","002925","US","US"
"638","004685","US","US"
"639","100336","CA","CA"
"640","001552","US","US"
"641","300773","EU","EU"
"642","002279","EU","EU"
"643","001640","EU","EU"
"644","000709","US","US"
"645","000941","US","US"
"646","300503","EU","EU"
"647","001514","EU","EU"
"648","003367","US","US"
"649","000150","US","US"
"650","000521","US","US"
"651","000416","US","US"
"652","000536","US","US"
"653","001192","US","US"
"654","001180","US","US"
"655","100270","CA","CA"
"656","000321","US","US"
"657","000208","US","US"
"658","001573","EU","EU"
"659","300452","EU","EU"
"660","001957","US","US"
"661","100431","CA","CA"
"662","001913","US","US"
"663","001442","EU","EU"
"664","000363","US","US"
"665","003837","US","US"
"666","300209","EU","EU"
"667","001768","CA","CA"
"668","001807","US","US"
"669","002993","US","US"
"670","000185","US","US"
"671","000307","US","US"
"672","300140","EU","EU"
"673","000586","US","US"
"674","000235","US","US"
"675","300158","EU","EU"
"676","000632","US","US"
"677","300125","EU","EU"
"678","003827","US","US"
"679","001200","EU","EU"
"680","100120","CA","CA"
"681","003901","US","US"
"682","100490","CA","CA"
"683","001572","US","US"
"684","004862","US","US"
"685","000285","US","US"
"686","304487","US","US"
"687","000380","US","US"
"688","300141","EU","EU"
"689","002001","US","US"
"690","100107","CA","CA"
"691","001907","US","US"
"692","000559","US","US"
"693","000761","US","US"
"694","300930","US","US"
"695","000231","US","US"
"696","300275","EU","EU"
"697","001528","US","US"
"698","300245","EU","EU"
"699","300344","EU","EU"
"700","000411","US","US"
"701","001146","US","US"
"702","001779","EU","EU"
"703","000508","US","US"
"704","000322","US","US"
"705","100327","CA","CA"
"706","000560","US","US"
"707","100442","CA","CA"
"708","000259","US","US"
"709","000105","US","US"
"710","000101","US","US"
"711","001844","US","US"
"712","000657","US","US"
"713","001843","US","US"
"714","300351","EU","EU"
"715","100341","CA","CA"
"716","000519","US","US"
"717","004699","US","US"
"718","000935","US","US"
"719","000945","US","US"
"720","000304","US","US"
"721","001543","US","US"
"722","002924","US","US"
"723","001113","US","US"
"724","001140","US","US"
"725","001919","EU","EU"
"726","000484","US","US"
"727","003828","US","US"
"728","004392","US","US"
"729","000628","US","US"
"730","300198","EU","EU"
"731","000152","US","US"
"732","001529","US","US"
"733","001635","US","US"
"734","003836","US","US"
"735","100275","CA","CA"
"736","001343","US","US"
"737","000170","US","US"
"738","300268","EU","EU"
"739","300529","EU","EU"
"740","304491","US","US"
"741","000655","US","US"
"742","004731","US","US"
"743","000474","US","US"
"744","001804","US","US"
"745","303973","EU","EU"
"746","000485","US","US"
"747","000758","US","US"
"748","100354","CA","CA"
"749","004749","US","US"
"750","003376","US","US"
"751","000712","US","US"
"752","003155","US","US"
"753","004393","US","US"
"754","300331","EU","EU"
"755","300530","EU","EU"
"756","100250","CA","CA"
"757","300199","EU","EU"
"758","000612","US","US"
"759","000179","US","US"
"760","000194","US","US"
"761","000750","US","US"
"762","000386","US","US"
"763","100495","CA","CA"
"764","300405","EU","EU"
"765","002247","EU","EU"
"766","004701","US","US"
"767","004691","US","US"
"768","000273","US","US"
"769","300496","EU","EU"
"770","000686","US","US"
"771","000603","US","US"
"772","001462","US","US"
"773","003826","US","US"
"774","004721","US","US"
"775","001187","US","US"
"776","000180","US","US"
"777","300517","EU","EU"
"778","301139","EU","EU"
"779","100255","CA","CA"
"780","001125","US","US"
"781","000457","US","US"
"782","001800","EU","EU"
"783","001018","EU","EU"
"784","002989","US","US"
"785","000968","US","US"
"786","100507","CA","CA"
"787","001198","CA","CA"
"788","000100","US","US"
"789","100254","CA","CA"
"790","001062","EU","EU"
"791","300200","EU","EU"
"792","000288","US","US"
"793","002130","US","US"
"794","304490","US","US"
"795","001452","EU","EU"
"796","300872","EU","EU"
"797","000522","US","US"
"798","002290","EU","EU"
"799","000337","US","US"
"800","000672","US","US"
"801","000348","US","US"
"802","302475","EU","EU"
"803","000624","US","US"
"804","300921","EU","EU"
"805","001404","CA","CA"
"806","001892","CA","CA"
"807","300226","EU","EU"
"808","002245","EU","EU"
"809","000368","US","US"
"810","002366","US","US"
"811","002988","US","US"
"812","001215","US","US"
"813","000527","US","US"
"814","004351","US","US"
"815","000969","US","US"
"816","001305","US","US"
"817","300541","EU","EU"
"818","100379","CA","CA"
"819","003960","US","US"
"820","000109","US","US"
"821","300798","EU","EU"
"822","001497","US","US"
"823","001586","EU","EU"
"824","300376","EU","EU"
"825","000119","US","US"
"826","000499","US","US"
"827","000553","US","US"
"828","004480","US","US"
"829","001188","US","US"
"830","100386","CA","CA"
"831","000461","US","US"
"832","000731","US","US"
"833","001291","US","US"
"834","003788","US","US"
"835","004281","US","US"
"836","100298","CA","CA"
"837","000742","US","US"
"838","003195","US","US"
"839","300564","EU","EU"
"840","001788","CA","CA"
"841","000528","US","US"
"842","001992","US","US"
"843","001110","EU","EU"
"844","100473","CA","CA"
"845","004686","US","US"
"846","004820","US","US"
"847","300328","EU","EU"
"848","303675","EU","EU"
"849","001519","US","US"
"850","000456","US","US"
"851","300220","EU","EU"
"852","002006","US","US"
"853","000710","US","US"
"854","000331","US","US"
"855","100114","CA","CA"
"856","300552","EU","EU"
"857","004890","US","US"
"858","100691","CA","CA"
"859","000277","US","US"
"860","003838","US","US"
"861","004720","US","US"
"862","004823","US","US"
"863","003056","US","US"
"864","000548","US","US"
"865","304495","US","US"
"866","001181","US","US"
"867","001966","EU","EU"
"868","004878","US","US"
"869","002266","EU","EU"
"870","001097","US","US"
"871","000227","US","US"
"872","300394","EU","EU"
"873","000946","US","US"
"874","001449","CA","CA"
"875","300720","US","US"
"876","001669","EU","EU"
"877","000669","US","US"
"878","000598","US","US"
"879","000298","US","US"
"880","100241","CA","CA"
"881","000229","US","US"
"882","001448","EU","EU"
"883","300135","EU","EU"
"884","001193","US","US"
"885","001407","US","US"
"886","300540","EU","EU"
"887","000134","US","US"
"888","002534","EU","EU"
"889","002937","US","US"
"890","000618","US","US"
"891","300320","EU","EU"
"892","000585","US","US"
"893","000537","US","US"
"894","001017","EU","EU"
"895","001184","US","US"
"896","004887","US","US"
"897","400363","EU","EU"
"898","300330","EU","EU"
"899","300161","EU","EU"
"900","301015","US","US"
"901","300839","US","US"
"902","001178","US","US"
"903","301020","US","US"
"904","100118","CA","CA"
"905","003677","US","US"
"906","300285","EU","EU"
"907","100418","CA","CA"
"908","001761","US","US"
"909","300110","EU","EU"
"910","001075","CA","CA"
"911","003893","US","US"
"912","001760","US","US"
"913","000613","US","US"
"914","100687","CA","CA"
"915","100128","CA","CA"
"916","000593","US","US"
"917","004748","US","US"
"918","001211","US","US"
"919","000236","US","US"
"920","003991","US","US"
"921","000404","US","US"
"922","002938","US","US"
"923","300912","US","US"
"924","300457","EU","EU"
"925","001445","US","US"
"926","001244","US","US"
"927","001459","EU","EU"
"928","001039","EU","EU"
"929","003863","US","US"
"930","300582","EU","EU"
"931","003039","US","US"
"932","301016","EU","EU"
"933","000651","US","US"
"934","000295","US","US"
"935","003870","US","US"
"936","003878","US","US"
"937","000226","US","US"
"938","301376","EU","EU"
"939","000721","US","US"
"940","300915","CA","CA"
"941","000275","US","US"
"942","100659","CA","CA"
"943","001028","EU","EU"
"944","100348","CA","CA"
"945","001772","US","US"
"946","001077","US","US"
"947","001126","US","US"
"948","000781","US","US"
"949","100493","CA","CA"
"950","003846","US","US"
"951","000516","US","US"
"952","001612","US","US"
"953","004877","US","US"
"954","000702","US","US"
"955","001290","US","US"
"956","004880","US","US"
"957","300880","EU","EU"
"958","300743","EU","EU"
"959","001144","US","US"
"960","300545","EU","EU"
"961","300419","EU","EU"
"962","000578","US","US"
"963","100346","CA","CA"
"964","000215","US","US"
"965","001203","US","US"
"966","002574","EU","EU"
"967","001634","EU","EU"
"968","000342","US","US"
"969","001389","EU","EU"
"970","000144","US","US"
"971","001070","US","US"
"972","001874","EU","EU"
"973","000269","US","US"
"974","000377","US","US"
"975","001115","US","US"
"976","001405","US","US"
"977","000725","US","US"
"978","100326","CA","CA"
"979","301010","CA","CA"
"980","000122","US","US"
"981","001263","US","US"
"982","001306","EU","EU"
"983","000443","US","US"
"984","001870","EU","EU"
"985","001872","EU","EU"
"986","000143","US","US"
"987","000766","US","US"
"988","300212","EU","EU"
"989","001471","US","US"
"990","000244","US","US"
"991","000234","US","US"
"992","001366","US","US"
"993","300197","EU","EU"
"994","100154","CA","CA"
"995","001345","US","US"
"996","002371","EU","EU"
"997","001354","CA","CA"
"998","001577","US","US"
"999","001887","EU","EU"
"1000","300929","US","US"
"1001","000437","US","US"
"1002","300309","EU","EU"
"1003","001238","US","US"
"1004","001443","US","US"
"1005","000145","US","US"
"1006","001071","US","US"
"1007","300389","EU","EU"
"1008","000506","US","US"
"1009","301019","EU","EU"
"1010","300300","EU","EU"
"1011","001637","US","US"
"1012","001747","US","US"
"1013","304493","US","US"
"1014","001102","US","US"
"1015","001112","EU","EU"
"1016","004726","US","US"
"1017","004829","US","US"
"1018","000460","US","US"
"1019","000393","US","US"
"1020","001693","EU","EU"
"1021","001191","US","US"
"1022","004391","US","US"
"1023","004795","US","US"
"1024","000511","US","US"
"1025","000759","US","US"
"1026","100315","CA","CA"
"1027","100527","CA","CA"
"1028","100401","CA","CA"
"1029","001038","EU","EU"
"1030","000228","US","US"
"1031","300347","EU","EU"
"1032","004727","US","US"
"1033","000746","US","US"
"1034","100537","CA","CA"
"1035","300715","EU","EU"
"1036","001719","US","US"
"1037","000770","US","US"
"1038","000432","US","US"
"1039","000627","US","US"
"1040","002307","US","US"
"1041","000419","US","US"
"1042","001927","US","US"
"1043","001236","US","US"
"1044","000390","US","US"
"1045","000449","US","US"
"1046","000351","US","US"
"1047","000396","US","US"
"1048","100316","CA","CA"
"1049","003293","CA","CA"
"1050","004280","US","US"
"1051","000660","US","US"
"1052","100125","CA","CA"
"1053","300363","EU","EU"
"1054","002994","US","US"
"1055","000413","US","US"
"1056","002992","US","US"
"1057","001509","US","US"
"1058","001990","US","US"
"1059","002987","US","US"
"1060","001744","US","US"
"1061","000687","US","US"
"1062","000127","US","US"
"1063","100506","CA","CA"
"1064","100318","CA","CA"
"1065","000281","US","US"
"1066","001089","US","US"
"1067","100312","CA","CA"
"1068","300489","EU","EU"
"1069","001504","US","US"
"1070","301205","EU","EU"
"1071","000722","US","US"
"1072","000172","US","US"
"1073","000354","US","US"
"1074","002526","EU","EU"
"1075","000305","US","US"
"1076","301012","CA","CA"
"1077","000754","US","US"
"1078","000720","US","US"
"1079","100284","CA","CA"
"1080","001546","US","US"
"1081","300504","EU","EU"
"1082","003844","US","US"
"1083","000426","US","US"
"1084","001991","CA","CA"
"1085","000780","US","US"
"1086","000251","US","US"
"1087","001417","US","US"
"1088","004729","US","US"
"1089","300377","EU","EU"
"1090","000665","US","US"
"1091","300409","EU","EU"
"1092","002008","US","US"
"1093","000199","US","US"
"1094","300845","US","US"
"1095","100196","CA","CA"
"1096","001416","US","US"
"1097","100281","CA","CA"
"1098","700110","EU","EU"
"1099","001547","EU","EU"
"1100","000534","US","US"
"1101","000359","US","US"
"1102","000450","US","US"
"1103","004863","US","US"
"1104","004886","US","US"
"1105","000994","CA","CA"
"1106","001620","EU","EU"
"1107","002152","EU","EU"
"1108","002079","US","US"
"1109","002572","US","US"
"1110","600146","ASIA","JP"
"1111","001724","ASIA","JP"
"1112","003747","ASIA","JP"
"1113","301466","ASIA","JP"
"1114","600124","ASIA","JP"
"1115","301651","ASIA","JP"
"1116","301660","ASIA","JP"
"1117","301873","ASIA","JP"
"1118","301641","ASIA","JP"
"1119","305148","ASIA","JP"
"1120","301630","ASIA","JP"
"1121","305149","ASIA","JP"
"1122","600113","ASIA","JP"
"1123","301640","ASIA","JP"
"1124","600120","ASIA","JP"
"1125","301493","ASIA","JP"
"1126","001317","ASIA","JP"
"1127","300754","ASIA","JP"
"1128","301492","ASIA","JP"
"1129","300757","ASIA","JP"
"1130","600145","ASIA","JP"
"1131","003059","ASIA","JP"
"1132","600123","ASIA","JP"
"1133","001107","ASIA","JP"
"1134","600136","ASIA","JP"
"1135","003753","ASIA","JP"
"1136","303292","ASIA","JP"
"1137","001409","ASIA","JP"
"1138","001398","ASIA","JP"
"1139","001715","ASIA","JP"
"1140","600134","ASIA","JP"
"1141","003751","ASIA","JP"
"1142","001353","ASIA","JP"
"1143","301658","ASIA","JP"
"1144","001725","ASIA","JP"
"1145","003816","ASIA","JP"
"1146","300760","ASIA","JP"
"1147","300733","ASIA","JP"
"1148","001589","ASIA","JP"
"1149","600130","ASIA","JP"
"1150","001845","ASIA","JP"
"1151","600128","ASIA","JP"
"1152","001411","ASIA","JP"
"1153","003316","ASIA","JP"
"1154","301642","ASIA","JP"
"1155","003814","ASIA","JP"
"1156","303972","ASIA","JP"
"1157","001770","ASIA","JP"
"1158","301645","ASIA","JP"
"1159","003815","ASIA","JP"
"1160","304876","ASIA","JP"
"1161","600131","ASIA","JP"
"1162","600110","ASIA","JP"
"1163","001854","ASIA","JP"
"1164","600125","ASIA","JP"
"1165","600115","ASIA","JP"
"1166","600137","ASIA","JP"
"1167","301622","ASIA","JP"
"1168","600141","ASIA","JP"
"1169","001410","ASIA","JP"
"1170","001574","ASIA","JP"
"1171","001400","ASIA","JP"
"1172","301657","ASIA","JP"
"1173","305189","ASIA","JP"
"1174","301648","ASIA","JP"
"1175","600144","ASIA","JP"
"1176","301653","ASIA","JP"
"1177","003691","ASIA","JP"
"1178","003735","ASIA","JP"
"1179","600122","ASIA","JP"
"1180","002478","ASIA","JP"
"1181","301633","ASIA","JP"
"1182","001336","ASIA","JP"
"1183","600104","ASIA","JP"
"1184","600105","ASIA","JP"
"1185","600132","ASIA","JP"
"1186","001106","ASIA","JP"
"1187","600107","ASIA","JP"
"1188","600142","ASIA","JP"
"1189","003813","ASIA","JP"
"1190","001576","ASIA","JP"
"1191","600103","ASIA","JP"
"1192","301643","ASIA","JP"
"1193","003834","ASIA","JP"
"1194","303214","ASIA","JP"
"1195","305120","ASIA","JP"
"1196","301869","ASIA","JP"
"1197","302287","ASIA","JP"
"1198","003749","ASIA","JP"
"1199","600129","ASIA","JP"
"1200","001578","ASIA","JP"
"1201","301655","ASIA","JP"
"1202","301021","ASIA","JP"
"1203","003362","ASIA","JP"
"1204","303841","ASIA","JP"
"1205","305121","ASIA","JP"
"1206","600102","ASIA","JP"
"1207","600135","ASIA","JP"
"1208","001568","ASIA","JP"
"1209","600133","ASIA","JP"
"1210","001575","ASIA","JP"
"1211","001569","ASIA","JP"
"1212","600126","ASIA","JP"
"1213","600121","ASIA","JP"
"1214","003750","ASIA","JP"
"1215","001394","ASIA","JP"
"1216","301632","ASIA","JP"
"1217","003743","ASIA","JP"
"1218","600108","ASIA","JP"
"1219","001466","ASIA","JP"
"1220","003745","ASIA","JP"
"1221","002688","EMIA","IL"
"1222","001206","EMIA","IL"
"1223","200118","EMIA","IL"
"1224","200112","EMIA","IL"
"1225","200141","EMIA","IL"
"1226","001042","EMIA","IL"
"1227","200293","EMIA","IL"
"1228","302624","EMIA","IL"
"1229","300728","EMIA","IL"
"1230","200182","EMIA","IL"
"1231","300838","EMIA","IL"
"1232","300895","EMIA","IL"
"1233","200283","EMIA","IL"
"1234","200164","EMIA","IL"
"1235","300824","EMIA","IL"
"1236","300823","EMIA","IL"
"1237","000983","EMIA","IL"
"1238","001689","EMIA","IL"
"1239","001690","EMIA","IL"
"1240","003310","EMIA","IL"
"1241","000896","EMIA","IL"
"1242","002063","EMIA","IL"
"1243","200274","EMIA","IL"
"1244","200185","EMIA","IL"
"1245","302362","EMIA","IL"
"1246","001616","EMIA","IL"
"1247","200247","EMIA","IL"
"1248","001464","EMIA","IL"
"1249","200284","EMIA","IL"
"1250","200106","EMIA","IL"
"1251","200254","EMIA","IL"
"1252","200260","EMIA","IL"
"1253","200222","EMIA","IL"
"1254","001434","EMIA","IL"
"1255","002376","EMIA","IL"
"1256","002522","EMIA","IL"
"1257","200282","EMIA","IL"
"1258","200261","EMIA","IL"
"1259","300722","EMIA","IL"
"1260","000897","EMIA","IL"
"1261","300920","EMIA","IL"
"1262","002071","EMIA","IL"
"1263","002355","EMIA","IL"
"1264","001265","EMIA","IL"
"1265","200166","EMIA","IL"
"1266","200259","EMIA","IL"
"1267","001433","EMIA","IL"
"1268","001049","EMIA","IL"
"1269","200264","EMIA","IL"
"1270","200215","EMIA","IL"
"1271","200156","EMIA","IL"
"1272","002439","EMIA","IL"
"1273","002829","EMIA","IL"
"1274","200168","EMIA","IL"
"1275","001487","EMIA","IL"
"1276","001661","EMIA","IL"
"1277","200271","EMIA","IL"
"1278","200108","EMIA","IL"
"1279","001774","EMIA","IL"
"1280","001229","EMIA","IL"
"1281","200233","EMIA","IL"
"1282","200101","EMIA","IL"
"1283","001230","EMIA","IL"
"1284","200197","EMIA","IL"
"1285","200263","EMIA","IL"
"1286","200243","EMIA","IL"
"1287","001129","EMIA","IL"
"1288","300863","EMIA","IL"
"1289","200121","EMIA","IL"
"1290","200269","EMIA","IL"
"1291","200223","EMIA","IL"
"1292","002224","EMIA","IL"
"1293","200224","EMIA","IL"
"1294","200226","EMIA","IL"
"1295","001057","EMIA","IL"
"1296","200291","EMIA","IL"
"1297","301420","EMIA","IL"
"1298","303082","EMIA","IL"
"1299","200219","EMIA","IL"
"1300","200236","EMIA","IL"
"1301","001054","EMIA","IL"
"1302","200251","EMIA","IL"
"1303","300791","EMIA","IL"
"1304","002450","EMIA","IL"
"1305","200126","EMIA","IL"
"1306","002221","EMIA","IL"
"1307","002651","EMIA","IL"
"1308","000996","EMIA","IL"
"1309","002278","EMIA","IL"
"1310","200150","EMIA","IL"
"1311","002219","EMIA","IL"
"1312","302014","EMIA","IL"
"1313","200149","EMIA","IL"
"1314","001641","EMIA","IL"
"1315","300721","EMIA","IL"
"1316","002184","EMIA","IL"
"1317","000891","EMIA","IL"
"1318","200242","EMIA","IL"
"1319","200220","EMIA","IL"
"1320","200130","EMIA","IL"
"1321","001582","EMIA","IL"
"1322","200163","EMIA","IL"
"1323","200229","EMIA","IL"
"1324","200171","EMIA","IL"
"1325","001789","EMIA","IL"
"1326","200174","EMIA","IL"
"1327","000895","EMIA","IL"
"1328","200289","EMIA","IL"
"1329","001356","EMIA","IL"
"1330","200234","EMIA","IL"
"1331","200157","EMIA","IL"
"1332","304815","EMIA","IL"
"1333","200279","EMIA","IL"
"1334","002073","EMIA","IL"
"1335","301018","EMIA","IL"
"1336","000924","EMIA","IL"
"1337","001060","EMIA","IL"
"1338","200115","EMIA","IL"
"1339","002351","EMIA","IL"
"1340","002576","EMIA","IL"
"1341","002181","EMIA","IL"
"1342","002653","EMIA","IL"
"1343","300847","EMIA","IL"
"1344","001050","EMIA","IL"
"1345","200148","EMIA","IL"
"1346","301005","EMIA","IL"
"1347","003706","EMIA","IL"
"1348","200280","EMIA","IL"
"1349","003522","LATAM","PE"
"1350","301093","EMIA","KZ"
"1351","A00200","EMIA","TM"
"1352","301602","EMIA","RU"
"1353","A00537","EMIA","RU"
"1354","301093","EMIA","TW"
"1355","A00200","EMIA","GE"
"1356","303456","EMIA","ZA"
"1357","301740","EMIA","RU"
"1358","301740","EMIA","TM"
"1359","300999","LATAM","PE"
"1360","A00229","EMIA","HK"
"1361","304668","EMIA","CN"
"1362","303982","EMIA","UA"
"1363","301846","EMIA","RU"
"1364","302657","LATAM","PE"
"1365","301853","EMIA","KG"
"1366","302645","LATAM","PE"
"1367","301534","EMIA","HK"
"1368","A00229","EMIA","MY"
"1369","004111","LATAM","VE"
"1370","A00347","EMIA","ZA"
"1371","301890","EMIA","ID"
"1372","A00229","EMIA","GE"
"1373","302338","EMIA","BY"
"1374","303368","EMIA","RU"
"1375","305096","EMIA","AU"
"1376","301093","EMIA","TR"
"1377","A00200","EMIA","VN"
"1378","301846","EMIA","UA"
"1379","303456","EMIA","RU"
"1380","301853","EMIA","TM"
"1381","305080","EMIA","IN"
"1382","A00229","EMIA","VN"
"1383","A00246","EMIA","KZ"
"1384","303498","EMIA","KZ"
"1385","301093","EMIA","NZ"
"1386","A00200","EMIA","MD"
"1387","A00561","LATAM","PE"
"1388","A00200","EMIA","AZ"
"1389","304007","EMIA","KZ"
"1390","301853","EMIA","UZ"
"1391","003740","LATAM","PE"
"1392","A00347","EMIA","RU"
"1393","303498","EMIA","ZA"
"1394","800005","EMIA","RU"
"1395","A00200","ASIA","KR"
"1396","301853","EMIA","BY"
"1397","004631","EMIA","UA"
"1398","A00194","EMIA","HK"
"1399","A00229","EMIA","AZ"
"1400","500234","EMIA","AM"
"1401","305086","EMIA","IN"
"1402","A00194","EMIA","PH"
"1403","301534","EMIA","ZA"
"1404","A00229","EMIA","UZ"
"1405","A00236","EMIA","FSA"
"1406","500234","EMIA","HK"
"1407","303498","EMIA","UA"
"1408","800005","EMIA","NZ"
"1409","301782","EMIA","PH"
"1410","004818","EMIA","RU"
"1411","001765","LATAM","MX"
"1412","301853","EMIA","AM"
"1413","303365","EMIA","RU"
"1414","303773","EMIA","KZ"
"1415","800005","EMIA","KZ"
"1416","A00341","EMIA","RU"
"1417","301853","EMIA","RU"
"1418","004632","EMIA","ZA"
"1419","A00319","LATAM","PE"
"1420","A00194","EMIA","AM"
"1421","A00229","EMIA","KZ"
"1422","500234","EMIA","GE"
"1423","301782","ASIA","KR"
"1424","301853","EMIA","UA"
"1425","004632","EMIA","UA"
"1426","A00194","EMIA","GE"
"1427","A00229","EMIA","KW"
"1428","500234","EMIA","ID"
"1429","500234","EMIA","RU"
"1430","303306","EMIA","RU"
"1431","301084","EMIA","AZ"
"1432","302222","LATAM","PE"
"1433","302871","EMIA","RU"
"1434","A00194","EMIA","KZ"
"1435","A00229","EMIA","TR"
"1436","500234","EMIA","UZ"
"1437","304955","EMIA","HK"
"1438","301065","EMIA","SG"
"1439","303448","EMIA","UA"
"1440","A00194","EMIA","UZ"
"1441","A00229","EMIA","IN"
"1442","A00194","EMIA","VN"
"1443","A00229","ASIA","KR"
"1444","500234","EMIA","SG"
"1445","301084","ASIA","KR"
"1446","A00194","EMIA","AZ"
"1447","A00229","EMIA","SG"
"1448","302423","EMIA","TR"
"1449","500234","EMIA","KZ"
"1450","301234","LATAM","CL"
"1451","301084","EMIA","AM"
"1452","A00137","LATAM","PE"
"1453","301585","LATAM","BR"
"1454","A00194","EMIA","KW"
"1455","A00229","EMIA","ID"
"1456","500234","EMIA","UA"
"1457","004565","EMIA","RU"
"1458","303353","EMIA","KZ"
"1459","301084","EMIA","PH"
"1460","305085","EMIA","IN"
"1461","302433","EMIA","RU"
"1462","A00194","ASIA","KR"
"1463","A00229","EMIA","TM"
"1464","500234","EMIA","LK"
"1465","004565","EMIA","UA"
"1466","302070","EMIA","RU"
"1467","303444","EMIA","ZA"
"1468","301084","EMIA","RU"
"1469","301860","LATAM","CL"
"1470","304248","EMIA","KZ"
"1471","301084","EMIA","HK"
"1472","A00379","LATAM","PE"
"1473","301739","EMIA","UA"
"1474","A00229","EMIA","UA"
"1475","500234","EMIA","TW"
"1476","304916","EMIA","KZ"
"1477","A00229","EMIA","MD"
"1478","302423","EMIA","RU"
"1479","500234","EMIA","KG"
"1480","304248","EMIA","UA"
"1481","301739","EMIA","KZ"
"1482","001363","EMIA","AZ"
"1483","301210","LATAM","BR"
"1484","A00211","LATAM","PE"
"1485","500234","EMIA","VN"
"1486","301407","EMIA","RU"
"1487","302924","EMIA","KZ"
"1488","302339","EMIA","KG"
"1489","302868","EMIA","RU"
"1490","A00067","LATAM","PE"
"1491","301084","EMIA","UA"
"1492","301739","EMIA","TJ"
"1493","A00229","EMIA","PH"
"1494","500234","EMIA","TH"
"1495","301084","EMIA","TW"
"1496","301739","EMIA","MD"
"1497","001363","EMIA","YE"
"1498","A00229","EMIA","MA"
"1499","500234","EMIA","AZ"
"1500","301054","LATAM","PE"
"1501","301501","EMIA","RU"
"1502","301084","EMIA","NZ"
"1503","301084","EMIA","LK"
"1504","301853","EMIA","TJ"
"1505","301739","EMIA","KG"
"1506","001363","EMIA","GE"
"1507","004630","EMIA","RU"
"1508","004893","EMIA","HK"
"1509","301501","EMIA","VN"
"1510","A00073","LATAM","PE"
"1511","301084","EMIA","KZ"
"1512","301853","EMIA","MD"
"1513","301739","EMIA","GE"
"1514","001363","EMIA","ZA"
"1515","004630","EMIA","KZ"
"1516","302339","EMIA","UA"
"1517","301743","EMIA","AZ"
"1518","500234","EMIA","TR"
"1519","301407","EMIA","HK"
"1520","302924","EMIA","UA"
"1521","302339","EMIA","UZ"
"1522","301501","EMIA","TW"
"1523","303011","EMIA","KZ"
"1524","302944","EMIA","RU"
"1525","301853","EMIA","AZ"
"1526","001363","EMIA","VN"
"1527","A00378","LATAM","CO"
"1528","302529","EMIA","ZA"
"1529","A00300","LATAM","MX"
"1530","A00446","EMIA","KZ"
"1531","301084","EMIA","KG"
"1532","301853","EMIA","KZ"
"1533","301739","EMIA","AZ"
"1534","001363","EMIA","PH"
"1535","302978","EMIA","UA"
"1536","302339","EMIA","MD"
"1537","301529","EMIA","KZ"
"1538","302251","EMIA","KZ"
"1539","301743","EMIA","BY"
"1540","301084","EMIA","GE"
"1541","301853","EMIA","GE"
"1542","301739","EMIA","AM"
"1543","001363","EMIA","MY"
"1544","A00399","EMIA","DZ"
"1545","A00446","EMIA","TR"
"1546","301529","EMIA","VN"
"1547","301743","EMIA","RU"
"1548","304566","EMIA","CN"
"1549","302922","EMIA","TR"
"1550","302944","EMIA","BY"
"1551","001363","EMIA","UZ"
"1552","A00417","EMIA","TH"
"1553","A00408","LATAM","PE"
"1554","302922","EMIA","RU"
"1555","001363","EMIA","KZ"
"1556","A00303","LATAM","PE"
"1557","302529","EMIA","UA"
"1558","302529","EMIA","TR"
"1559","A00300","LATAM","CO"
"1560","A00253","EMIA","NG"
"1561","301743","EMIA","AM"
"1562","A00253","EMIA","ZA"
"1563","301529","EMIA","TW"
"1564","303362","EMIA","RU"
"1565","303438","EMIA","ZA"
"1566","301743","EMIA","KZ"
"1567","301185","EMIA","RU"
"1568","500202","EMIA","PH"
"1569","A00469","EMIA","TW"
"1570","A00533","EMIA","KZ"
"1571","301882","LATAM","CL"
"1572","001363","EMIA","KW"
"1573","302529","EMIA","KZ"
"1574","A00533","EMIA","UA"
"1575","001363","ASIA","KR"
"1576","500202","EMIA","RU"
"1577","302529","EMIA","RU"
"1578","A00533","EMIA","BY"
"1579","A00415","LATAM","PE"
"1580","001363","EMIA","ID"
"1581","301185","EMIA","TR"
"1582","500202","EMIA","TR"
"1583","003591","EMIA","BY"
"1584","A00106","LATAM","PE"
"1585","001363","EMIA","RU"
"1586","301260","LATAM","PE"
"1587","301185","EMIA","SG"
"1588","500202","EMIA","HK"
"1589","004898","EMIA","HK"
"1590","004847","EMIA","TR"
"1591","303440","EMIA","ZA"
"1592","A00283","EMIA","TH"
"1593","A00533","EMIA","UZ"
"1594","A00272","LATAM","CL"
"1595","303450","EMIA","CN"
"1596","303419","EMIA","RU"
"1597","001363","EMIA","TR"
"1598","A00283","EMIA","TW"
"1599","303429","EMIA","RU"
"1600","300792","EMIA","PH"
"1601","301185","EMIA","UA"
"1602","500202","EMIA","UA"
"1603","004903","EMIA","HK"
"1604","300792","EMIA","KZ"
"1605","A00117","LATAM","PE"
"1606","300826","LATAM","MX"
"1607","301212","EMIA","SG"
"1608","305079","EMIA","CN"
"1609","303695","EMIA","ZA"
"1610","A00283","EMIA","VN"
"1611","004416","LATAM","VE"
"1612","300792","EMIA","HK"
"1613","301134","LATAM","AR"
"1614","301212","EMIA","FSA"
"1615","304029","EMIA","ZA"
"1616","301562","EMIA","NZ"
"1617","303565","LATAM","AR"
"1618","A00457","EMIA","UA"
"1619","300792","EMIA","BY"
"1620","301719","EMIA","TR"
"1621","A00120","LATAM","PE"
"1622","301562","EMIA","UA"
"1623","303565","LATAM","CO"
"1624","A00457","EMIA","LK"
"1625","300792","EMIA","VN"
"1626","400125","LATAM","MX"
"1627","301562","EMIA","SA"
"1628","A00442","EMIA","MD"
"1629","303417","EMIA","RU"
"1630","301562","EMIA","KZ"
"1631","A00283","EMIA","PH"
"1632","A00442","EMIA","UA"
"1633","301086","EMIA","NZ"
"1634","303446","EMIA","ZA"
"1635","300792","EMIA","UA"
"1636","301086","EMIA","VN"
"1637","300792","EMIA","LK"
"1638","302874","EMIA","RU"
"1639","A00293","EMIA","UZ"
"1640","A00282","LATAM","PE"
"1641","301562","EMIA","UZ"
"1642","A00442","EMIA","HK"
"1643","A00459","EMIA","RU"
"1644","301086","EMIA","PH"
"1645","A00161","EMIA","RU"
"1646","300792","EMIA","KG"
"1647","A00383","LATAM","PE"
"1648","301562","EMIA","RU"
"1649","303366","EMIA","RU"
"1650","303020","EMIA","TJ"
"1651","A00062","EMIA","AZ"
"1652","001365","EMIA","IN"
"1653","304738","EMIA","TW"
"1654","A00603","EMIA","DZ"
"1655","304565","EMIA","TH"
"1656","303043","EMIA","TJ"
"1657","A00001","EMIA","TW"
"1658","A00062","EMIA","AM"
"1659","001365","EMIA","DZ"
"1660","303043","EMIA","NG"
"1661","002264","LATAM","MX"
"1662","300967","EMIA","KG"
"1663","A00114","LATAM","PE"
"1664","001728","EMIA","AZ"
"1665","303371","EMIA","RU"
"1666","304560","EMIA","CN"
"1667","302716","EMIA","KZ"
"1668","301280","EMIA","HK"
"1669","A00062","EMIA","PH"
"1670","001365","EMIA","PH"
"1671","303323","EMIA","RU"
"1672","001728","EMIA","VN"
"1673","001365","EMIA","BY"
"1674","303020","EMIA","KZ"
"1675","001728","EMIA","RU"
"1676","A00062","EMIA","TM"
"1677","001365","EMIA","ID"
"1678","A00290","EMIA","RU"
"1679","303043","EMIA","KG"
"1680","A00220","LATAM","PE"
"1681","301857","EMIA","BY"
"1682","300967","EMIA","TR"
"1683","302093","EMIA","RU"
"1684","303427","EMIA","RU"
"1685","304738","EMIA","NZ"
"1686","A00363","EMIA","NG"
"1687","304738","ASIA","KR"
"1688","A00057","LATAM","PE"
"1689","A00001","EMIA","RU"
"1690","A00062","EMIA","UZ"
"1691","001365","EMIA","VN"
"1692","301709","EMIA","PH"
"1693","A00389","LATAM","VE"
"1694","001728","EMIA","LK"
"1695","A00062","EMIA","VN"
"1696","001365","EMIA","MD"
"1697","003302","LATAM","MX"
"1698","303371","EMIA","MD"
"1699","301462","EMIA","RU"
"1700","304738","EMIA","KZ"
"1701","A00573","LATAM","PE"
"1702","305207","EMIA","KZ"
"1703","303020","EMIA","KG"
"1704","A00609","EMIA","DZ"
"1705","A00184","EMIA","RU"
"1706","001728","EMIA","UZ"
"1707","001365","EMIA","BD"
"1708","303043","EMIA","UA"
"1709","300967","EMIA","RU"
"1710","400192","LATAM","MX"
"1711","001728","EMIA","TH"
"1712","A00062","EMIA","TR"
"1713","001365","EMIA","HK"
"1714","304738","EMIA","ZA"
"1715","301862","EMIA","TM"
"1716","A00311","LATAM","PE"
"1717","A00062","EMIA","RU"
"1718","001365","EMIA","TH"
"1719","301709","EMIA","SG"
"1720","A00258","EMIA","VN"
"1721","A00389","LATAM","CO"
"1722","301857","EMIA","TM"
"1723","001728","EMIA","AM"
"1724","A00062","EMIA","MD"
"1725","303371","EMIA","UA"
"1726","A00290","EMIA","AZ"
"1727","400164","LATAM","MX"
"1728","300966","EMIA","NG"
"1729","A00164","LATAM","PE"
"1730","001365","EMIA","KZ"
"1731","003302","LATAM","BR"
"1732","301837","LATAM","MX"
"1733","303357","EMIA","ZA"
"1734","004184","LATAM","VE"
"1735","301857","EMIA","AM"
"1736","301822","EMIA","RU"
"1737","303043","EMIA","KZ"
"1738","303020","EMIA","RU"
"1739","304523","EMIA","UA"
"1740","001728","EMIA","SG"
"1741","001365","EMIA","GE"
"1742","304728","EMIA","TW"
"1743","301112","EMIA","KZ"
"1744","300967","EMIA","KZ"
"1745","A00062","EMIA","GE"
"1746","001365","EMIA","AM"
"1747","301709","EMIA","TW"
"1748","301857","EMIA","KZ"
"1749","304738","EMIA","TR"
"1750","A00290","EMIA","GE"
"1751","303043","EMIA","TM"
"1752","A00258","EMIA","CN"
"1753","001728","EMIA","HK"
"1754","A00062","EMIA","KG"
"1755","001365","EMIA","KG"
"1756","303316","EMIA","RU"
"1757","300966","EMIA","FSA"
"1758","A00001","EMIA","ZA"
"1759","A00062","EMIA","KZ"
"1760","004184","LATAM","PE"
"1761","303020","EMIA","TM"
"1762","004179","LATAM","MX"
"1763","304738","EMIA","RU"
"1764","301201","LATAM","CL"
"1765","303375","EMIA","RU"
"1766","303043","EMIA","UZ"
"1767","301112","EMIA","KG"
"1768","300967","ASIA","KR"
"1769","A00062","EMIA","SG"
"1770","001365","EMIA","RU"
"1771","301852","EMIA","BY"
"1772","A00372","LATAM","PE"
"1773","004807","EMIA","RU"
"1774","304555","EMIA","TR"
"1775","001728","EMIA","PH"
"1776","A00274","LATAM","PE"
"1777","001365","EMIA","UA"
"1778","302656","LATAM","PE"
"1779","400202","LATAM","MX"
"1780","A00290","EMIA","ZA"
"1781","A00602","LATAM","CL"
"1782","001728","EMIA","GE"
"1783","304738","EMIA","UA"
"1784","A00397","EMIA","KZ"
"1785","A00023","EMIA","KZ"
"1786","A00023","EMIA","BY"
"1787","300885","EMIA","TR"
"1788","300792","EMIA","TR"
"1789","002831","EMIA","RU"
"1790","301211","LATAM","BR"
"1791","A00290","EMIA","PH"
"1792","A00194","EMIA","KG"
"1793","A00290","EMIA","HK"
"1794","500280","EMIA","VN"
"1795","A00099","LATAM","PE"
"1796","301096","EMIA","TW"
"1797","A00527","LATAM","PE"
"1798","004116","LATAM","MX"
"1799","A00241","EMIA","LK"
"1800","302074","EMIA","KZ"
"1801","A00290","EMIA","UA"
"1802","A00442","EMIA","SG"
"1803","004754","LATAM","BR"
"1804","303189","EMIA","BY"
"1805","A00442","EMIA","VN"
"1806","003551","LATAM","CL"
"1807","A00100","LATAM","PE"
"1808","301819","EMIA","TH"
"1809","301821","EMIA","RU"
"1810","301453","EMIA","UZ"
"1811","004184","LATAM","AR"
"1812","301857","EMIA","GE"
"1813","A00349","EMIA","AZ"
"1814","A00380","EMIA","UZ"
"1815","A00442","EMIA","MA"
"1816","004816","EMIA","RU"
"1817","300934","EMIA","LK"
"1818","303313","EMIA","RU"
"1819","303357","EMIA","AM"
"1820","302202","EMIA","UA"
"1821","301857","EMIA","UZ"
"1822","A00023","EMIA","AZ"
"1823","304726","EMIA","TW"
"1824","303443","EMIA","ZA"
"1825","300885","EMIA","PH"
"1826","004817","EMIA","RU"
"1827","A00023","EMIA","GE"
"1828","302923","EMIA","KZ"
"1829","301561","EMIA","RU"
"1830","301819","EMIA","BY"
"1831","305078","EMIA","CN"
"1832","A00591","EMIA","KZ"
"1833","A00023","EMIA","AM"
"1834","A00153","EMIA","UZ"
"1835","A00241","EMIA","TW"
"1836","A00290","EMIA","SG"
"1837","A00442","EMIA","RU"
"1838","004754","LATAM","AR"
"1839","A00377","LATAM","PE"
"1840","A00290","EMIA","MY"
"1841","A00349","EMIA","TR"
"1842","A00380","EMIA","RU"
"1843","A00442","EMIA","KZ"
"1844","004754","LATAM","VE"
"1845","301209","LATAM","BR"
"1846","A00281","LATAM","PE"
"1847","303357","EMIA","AZ"
"1848","302202","EMIA","RU"
"1849","301857","EMIA","UA"
"1850","305150","ASIA","KR"
"1851","A00023","EMIA","VN"
"1852","A00290","EMIA","TH"
"1853","300885","EMIA","UA"
"1854","303097","EMIA","KZ"
"1855","A00023","EMIA","UZ"
"1856","303360","EMIA","RU"
"1857","302923","EMIA","RU"
"1858","004184","LATAM","MX"
"1859","301857","EMIA","AZ"
"1860","A00591","EMIA","UZ"
"1861","A00595","EMIA","SG"
"1862","301227","LATAM","PE"
"1863","A00023","EMIA","RU"
"1864","A00567","LATAM","VE"
"1865","A00153","EMIA","KZ"
"1866","A00241","EMIA","TR"
"1867","400212","LATAM","MX"
"1868","A00290","EMIA","BD"
"1869","A00442","EMIA","ZA"
"1870","A00290","EMIA","KW"
"1871","301600","EMIA","RU"
"1872","302224","LATAM","PE"
"1873","A00134","LATAM","AR"
"1874","A00241","EMIA","PH"
"1875","301457","EMIA","RU"
"1876","A00349","EMIA","KG"
"1877","301758","EMIA","ZA"
"1878","A00442","ASIA","KR"
"1879","302091","EMIA","SA"
"1880","303357","EMIA","GE"
"1881","302202","EMIA","TR"
"1882","301857","EMIA","TJ"
"1883","A00442","EMIA","AM"
"1884","301298","LATAM","PE"
"1885","004754","LATAM","PE"
"1886","301601","EMIA","RU"
"1887","300885","EMIA","LY"
"1888","A00023","EMIA","UA"
"1889","004426","EMIA","KZ"
"1890","302923","EMIA","UZ"
"1891","304567","EMIA","CN"
"1892","002849","LATAM","MX"
"1893","300885","EMIA","RU"
"1894","300792","EMIA","TW"
"1895","303097","EMIA","RU"
"1896","A00591","EMIA","UA"
"1897","A00595","EMIA","BD"
"1898","A00023","EMIA","TR"
"1899","A00128","LATAM","PE"
"1900","A00290","EMIA","VN"
"1901","A00442","EMIA","AZ"
"1902","A00290","ASIA","KR"
"1903","304286","EMIA","HK"
"1904","A00475","EMIA","HK"
"1905","A00241","EMIA","VN"
"1906","A00155","LATAM","PE"
"1907","A00241","EMIA","RU"
"1908","303445","EMIA","ZA"
"1909","A00195","LATAM","CL"
"1910","303357","EMIA","UA"
"1911","301100","EMIA","VN"
"1912","302202","EMIA","ZA"
"1913","301857","EMIA","MD"
"1914","303354","EMIA","KZ"
"1915","301568","EMIA","RU"
"1916","A00442","EMIA","GE"
"1917","301298","LATAM","VE"
"1918","301758","EMIA","UA"
"1919","A00442","EMIA","KG"
"1920","004754","LATAM","MX"
"1921","300980","LATAM","VE"
"1922","A00023","EMIA","TW"
"1923","302923","EMIA","TM"
"1924","300885","EMIA","VN"
"1925","300792","EMIA","ID"
"1926","300885","EMIA","BY"
"1927","303097","EMIA","ZA"
"1928","A00591","EMIA","HK"
"1929","A00023","EMIA","MD"
"1930","A00290","EMIA","AM"
"1931","303189","EMIA","RU"
"1932","A00442","EMIA","KW"
"1933","A00194","EMIA","RU"
"1934","A00290","EMIA","ID"
"1935","A00276","EMIA","RU"
"1936","302168","LATAM","PE"
"1937","301096","EMIA","NZ"
"1938","A00241","EMIA","UA"
"1939","302074","EMIA","RU"
"1940","A00241","EMIA","KZ"
"1941","303382","EMIA","RU"
"1942","303357","EMIA","KZ"
"1943","302946","EMIA","RU"
"1944","301453","EMIA","RU"
"1945","301857","EMIA","KG"
"1946","A00349","EMIA","GE"
"1947","301344","EMIA","RU"
"1948","A00442","EMIA","BY"
"1949","302606","EMIA","RU"
"1950","A00290","EMIA","KZ"
"1951","A00351","LATAM","PE"
"1952","A00442","EMIA","PH"
"1953","004754","LATAM","CL"
"1954","A00462","EMIA","TR"
"1955","301828","EMIA","ZA"
"1956","A00434","EMIA","KG"
"1957","303650","EMIA","HK"
"1958","A00204","EMIA","VN"
"1959","303755","EMIA","AE"
"1960","302081","EMIA","RU"
"1961","A00257","EMIA","TR"
"1962","A00035","EMIA","TR"
"1963","A00414","LATAM","PE"
"1964","301113","EMIA","RU"
"1965","301482","EMIA","AM"
"1966","301730","EMIA","MD"
"1967","303580","LATAM","CO"
"1968","302568","LATAM","VE"
"1969","A00434","EMIA","ZA"
"1970","004551","EMIA","ZA"
"1971","300938","EMIA","RU"
"1972","A00390","EMIA","ZA"
"1973","303488","EMIA","AZ"
"1974","A00048","EMIA","RU"
"1975","301900","EMIA","UA"
"1976","303570","LATAM","MX"
"1977","A00461","EMIA","KZ"
"1978","A00287","EMIA","TW"
"1979","301730","EMIA","UZ"
"1980","A00035","EMIA","KZ"
"1981","303813","EMIA","KZ"
"1982","301730","EMIA","AZ"
"1983","A00310","LATAM","PE"
"1984","A00434","EMIA","BD"
"1985","301176","EMIA","RU"
"1986","301728","EMIA","BY"
"1987","A00170","LATAM","PE"
"1988","A00235","EMIA","HK"
"1989","A00434","EMIA","TW"
"1990","A00204","EMIA","KG"
"1991","002122","EMIA","ZA"
"1992","301403","EMIA","ZA"
"1993","A00258","EMIA","BY"
"1994","A00390","EMIA","SG"
"1995","301903","EMIA","KZ"
"1996","301730","EMIA","KZ"
"1997","302568","LATAM","MX"
"1998","301731","EMIA","BY"
"1999","303383","EMIA","RU"
"2000","300971","EMIA","UA"
"2001","303488","EMIA","AM"
"2002","A00461","EMIA","BY"
"2003","301331","EMIA","TR"
"2004","A00461","EMIA","RU"
"2005","301730","EMIA","UA"
"2006","A00035","EMIA","AU"
"2007","A00434","EMIA","KW"
"2008","A00235","EMIA","TR"
"2009","A00434","EMIA","ID"
"2010","A00204","EMIA","ZA"
"2011","A00035","EMIA","RU"
"2012","301403","EMIA","RU"
"2013","303614","EMIA","KZ"
"2014","A00390","EMIA","KW"
"2015","004286","LATAM","BR"
"2016","301088","EMIA","UA"
"2017","302659","LATAM","CL"
"2018","301728","EMIA","RU"
"2019","301903","EMIA","UA"
"2020","301830","EMIA","ZA"
"2021","303378","EMIA","RU"
"2022","002122","EMIA","TR"
"2023","301730","EMIA","KG"
"2024","A00440","LATAM","CL"
"2025","A00035","EMIA","NG"
"2026","303441","EMIA","ZA"
"2027","A00258","EMIA","PH"
"2028","301403","EMIA","UA"
"2029","301826","EMIA","RU"
"2030","301730","EMIA","TJ"
"2031","304380","EMIA","KZ"
"2032","004683","EMIA","KZ"
"2033","A00009","EMIA","RU"
"2034","A00391","EMIA","IN"
"2035","302679","EMIA","UA"
"2036","A00461","EMIA","VN"
"2037","302521","EMIA","ZA"
"2038","304926","EMIA","KZ"
"2039","A00434","EMIA","KZ"
"2040","A00270","EMIA","UA"
"2041","A00434","EMIA","TR"
"2042","A00035","EMIA","HK"
"2043","304897","EMIA","HK"
"2044","A00266","LATAM","PE"
"2045","302329","LATAM","PE"
"2046","301482","EMIA","UZ"
"2047","301693","EMIA","RU"
"2048","301900","EMIA","TM"
"2049","A00204","EMIA","TH"
"2050","303755","EMIA","SA"
"2051","301728","EMIA","AM"
"2052","A00204","EMIA","KZ"
"2053","004551","EMIA","KZ"
"2054","303378","EMIA","TR"
"2055","301730","EMIA","GE"
"2056","301761","EMIA","HK"
"2057","A00390","EMIA","HK"
"2058","400133","LATAM","MX"
"2059","A00434","EMIA","UA"
"2060","301176","EMIA","AZ"
"2061","004809","EMIA","RU"
"2062","304827","EMIA","NG"
"2063","301728","EMIA","KG"
"2064","A00391","EMIA","TH"
"2065","302679","EMIA","KZ"
"2066","A00461","EMIA","TR"
"2067","A00235","EMIA","RU"
"2068","A00434","EMIA","AZ"
"2069","301403","EMIA","UZ"
"2070","301730","EMIA","BY"
"2071","301717","EMIA","RU"
"2072","A00035","EMIA","TW"
"2073","303322","EMIA","RU"
"2074","301482","EMIA","GE"
"2075","A00204","EMIA","PH"
"2076","303755","EMIA","KW"
"2077","301728","EMIA","NG"
"2078","A00465","LATAM","CL"
"2079","002440","LATAM","CL"
"2080","A00270","EMIA","TR"
"2081","A00434","EMIA","TH"
"2082","301113","EMIA","ZA"
"2083","A00390","EMIA","AU"
"2084","A00032","LATAM","PE"
"2085","301900","EMIA","TJ"
"2086","301711","EMIA","RU"
"2087","A00434","EMIA","MA"
"2088","303580","LATAM","AR"
"2089","304724","EMIA","TW"
"2090","A00204","EMIA","UZ"
"2091","004551","EMIA","RU"
"2092","301730","EMIA","AM"
"2093","004900","EMIA","MY"
"2094","302725","EMIA","ZA"
"2095","004814","EMIA","RU"
"2096","301176","EMIA","TH"
"2097","301728","EMIA","UA"
"2098","A00461","EMIA","LK"
"2099","A00287","EMIA","TH"
"2100","A00235","EMIA","NZ"
"2101","301403","EMIA","TR"
"2102","301730","EMIA","RU"
"2103","302204","EMIA","AU"
"2104","A00587","EMIA","KZ"
"2105","302977","EMIA","UA"
"2106","301176","EMIA","AM"
"2107","301728","EMIA","TH"
"2108","302313","EMIA","UA"
"2109","301900","EMIA","KG"
"2110","303314","EMIA","RU"
"2111","302145","EMIA","RU"
"2112","004460","EMIA","TW"
"2113","001728","EMIA","TW"
"2114","001365","EMIA","KW"
"2115","303380","EMIA","RU"
"2116","A00398","EMIA","HK"
"2117","A00179","LATAM","PE"
"2118","A00390","EMIA","KZ"
"2119","A00551","EMIA","TW"
"2120","301176","EMIA","MD"
"2121","301108","EMIA","TR"
"2122","301759","EMIA","BY"
"2123","301728","EMIA","GE"
"2124","A00009","EMIA","VN"
"2125","A00587","EMIA","AZ"
"2126","301605","EMIA","SG"
"2127","301920","EMIA","PH"
"2128","002126","EMIA","PH"
"2129","301862","EMIA","GE"
"2130","303000","EMIA","KZ"
"2131","301743","EMIA","UA"
"2132","A00391","EMIA","DZ"
"2133","A00185","LATAM","PE"
"2134","302679","EMIA","RU"
"2135","301862","EMIA","TJ"
"2136","301074","ASIA","KR"
"2137","301900","EMIA","MD"
"2138","301074","EMIA","TW"
"2139","A00587","EMIA","MD"
"2140","004460","EMIA","ZA"
"2141","301900","EMIA","AM"
"2142","004617","EMIA","UA"
"2143","301115","EMIA","TW"
"2144","302204","EMIA","HK"
"2145","A00587","EMIA","RU"
"2146","301399","EMIA","VN"
"2147","301176","EMIA","GE"
"2148","301728","EMIA","UZ"
"2149","302313","EMIA","GE"
"2150","A00009","EMIA","TR"
"2151","A00391","EMIA","VN"
"2152","302679","EMIA","ZA"
"2153","302611","EMIA","RU"
"2154","001728","EMIA","TR"
"2155","001365","EMIA","UZ"
"2156","301074","EMIA","NZ"
"2157","303754","EMIA","UA"
"2158","A00587","EMIA","AM"
"2159","302993","EMIA","VN"
"2160","A00398","EMIA","VN"
"2161","301122","EMIA","RU"
"2162","A00390","EMIA","TW"
"2163","A00551","EMIA","TR"
"2164","304429","EMIA","TR"
"2165","301743","EMIA","GE"
"2166","004460","EMIA","AU"
"2167","301176","EMIA","KG"
"2168","301728","EMIA","TM"
"2169","303364","EMIA","RU"
"2170","301862","EMIA","AZ"
"2171","301900","EMIA","KZ"
"2172","A00587","ASIA","KR"
"2173","004460","ASIA","KR"
"2174","301176","EMIA","KZ"
"2175","003528","LATAM","PE"
"2176","301108","EMIA","TH"
"2177","301759","EMIA","RU"
"2178","301728","EMIA","AZ"
"2179","A00390","EMIA","UA"
"2180","301862","EMIA","MD"
"2181","301388","EMIA","TR"
"2182","301074","EMIA","HK"
"2183","004460","EMIA","UA"
"2184","A00403","LATAM","PE"
"2185","301176","EMIA","BY"
"2186","301759","EMIA","UA"
"2187","301728","EMIA","TJ"
"2188","302313","EMIA","AZ"
"2189","301900","EMIA","RU"
"2190","301115","EMIA","MD"
"2191","301087","EMIA","TW"
"2192","302204","EMIA","ZA"
"2193","A00587","EMIA","UA"
"2194","301399","EMIA","TW"
"2195","A00541","EMIA","ID"
"2196","A00346","LATAM","PE"
"2197","303613","EMIA","RU"
"2198","301074","EMIA","PH"
"2199","303754","EMIA","ZA"
"2200","A00587","EMIA","ZA"
"2201","A00398","EMIA","KZ"
"2202","A00163","LATAM","PE"
"2203","301122","EMIA","NZ"
"2204","A00390","EMIA","TR"
"2205","302607","EMIA","RU"
"2206","301900","EMIA","GE"
"2207","001728","EMIA","KZ"
"2208","001365","EMIA","AZ"
"2209","304738","EMIA","AU"
"2210","004566","EMIA","ZA"
"2211","004046","LATAM","CL"
"2212","301862","EMIA","RU"
"2213","A00587","EMIA","NZ"
"2214","004460","EMIA","RU"
"2215","301176","EMIA","VN"
"2216","301108","EMIA","NZ"
"2217","301759","EMIA","KZ"
"2218","301728","EMIA","MD"
"2219","303359","EMIA","RU"
"2220","A00390","EMIA","LK"
"2221","A00551","EMIA","TH"
"2222","301862","EMIA","KZ"
"2223","302432","EMIA","RU"
"2224","301115","EMIA","UA"
"2225","301538","ASIA","KR"
"2226","301388","EMIA","RU"
"2227","301074","EMIA","CN"
"2228","301218","EMIA","RU"
"2229","A00009","EMIA","HK"
"2230","303050","EMIA","UZ"
"2231","301862","EMIA","UZ"
"2232","303369","EMIA","RU"
"2233","301581","EMIA","HK"
"2234","301087","EMIA","VN"
"2235","301074","EMIA","VN"
"2236","A00587","EMIA","TW"
"2237","303764","EMIA","RU"
"2238","A00094","LATAM","PE"
"2239","301176","EMIA","UA"
"2240","301399","EMIA","TR"
"2241","A00398","EMIA","TR"
"2242","001728","EMIA","KG"
"2243","001365","EMIA","AU"
"2244","303754","EMIA","KZ"
"2245","A00587","EMIA","AU"
"2246","302551","EMIA","RU"
"2247","302313","EMIA","BY"
"2248","A00390","EMIA","ID"
"2249","301862","EMIA","BY"
"2250","301900","EMIA","BY"
"2251","004460","EMIA","KZ"
"2252","302207","EMIA","UZ"
"2253","A00587","EMIA","GE"
"2254","301605","EMIA","RU"
"2255","301848","EMIA","UA"
"2256","301048","EMIA","TH"
"2257","A00390","EMIA","BD"
"2258","A00551","EMIA","LK"
"2259","301743","EMIA","UZ"
"2260","301891","EMIA","TR"
"2261","301176","EMIA","UZ"
"2262","301108","EMIA","HK"
"2263","301759","EMIA","ZA"
"2264","301728","EMIA","KZ"
"2265","A00009","EMIA","NZ"
"2266","A00391","EMIA","YE"
"2267","303050","EMIA","NG"
"2268","301920","EMIA","SG"
"2269","400199","LATAM","MX"
"2270","400184","LATAM","MX"
"2271","002126","EMIA","RU"
"2272","301862","EMIA","KG"
"2273","301115","EMIA","RU"
"2274","302981","EMIA","RU"
"2275","301900","EMIA","UZ"
"2276","301388","EMIA","ZA"
"2277","301074","EMIA","AU"
"2278","301218","EMIA","PH"
"2279","A00587","EMIA","TR"
"2280","A00226","EMIA","TR"
"2281","301862","EMIA","UA"
"2282","301115","EMIA","NZ"
"2283","301087","EMIA","NZ"
"2284","400136","LATAM","MX"
"2285","304561","EMIA","CN"
"2286","301074","EMIA","LK"
"2287","A00250","EMIA","VN"
"2288","A00315","EMIA","AZ"
"2289","300878","EMIA","AZ"
"2290","A00002","LATAM","VE"
"2291","A00131","LATAM","PE"
"2292","301963","EMIA","AZ"
"2293","003603","LATAM","CL"
"2294","A00223","EMIA","TW"
"2295","302994","EMIA","RU"
"2296","303361","EMIA","RU"
"2297","301570","EMIA","TH"
"2298","301505","EMIA","ZA"
"2299","303002","EMIA","TJ"
"2300","A00250","EMIA","UZ"
"2301","A00315","EMIA","AU"
"2302","A00313","LATAM","PE"
"2303","304250","EMIA","KZ"
"2304","A00395","EMIA","DZ"
"2305","303489","EMIA","AZ"
"2306","A00054","EMIA","BY"
"2307","301676","EMIA","AM"
"2308","301576","EMIA","BY"
"2309","301461","EMIA","RU"
"2310","302849","EMIA","RU"
"2311","304800","EMIA","TW"
"2312","301067","EMIA","TW"
"2313","301676","EMIA","UA"
"2314","304300","EMIA","KZ"
"2315","303186","EMIA","RU"
"2316","302649","LATAM","PE"
"2317","A00002","LATAM","PE"
"2318","301570","EMIA","SG"
"2319","303813","EMIA","UZ"
"2320","301062","EMIA","PH"
"2321","A00315","EMIA","TW"
"2322","004564","ASIA","KR"
"2323","301963","EMIA","AM"
"2324","303376","EMIA","RU"
"2325","A00597","EMIA","LK"
"2326","300878","EMIA","HK"
"2327","002865","LATAM","MX"
"2328","A00250","EMIA","UA"
"2329","A00315","EMIA","BD"
"2330","A00223","EMIA","SG"
"2331","303395","EMIA","RU"
"2332","301300","EMIA","SG"
"2333","A00395","EMIA","VN"
"2334","A00434","EMIA","GE"
"2335","301120","EMIA","KZ"
"2336","302653","LATAM","PE"
"2337","004806","EMIA","RU"
"2338","301963","EMIA","MD"
"2339","A00213","LATAM","PE"
"2340","A00395","EMIA","BD"
"2341","004810","EMIA","RU"
"2342","301570","EMIA","LK"
"2343","303489","EMIA","AM"
"2344","303002","EMIA","AZ"
"2345","A00054","EMIA","TR"
"2346","301676","EMIA","BY"
"2347","303002","EMIA","KZ"
"2348","301556","EMIA","RU"
"2349","304800","EMIA","NZ"
"2350","A00464","LATAM","PE"
"2351","304238","EMIA","KZ"
"2352","301676","EMIA","MD"
"2353","A00315","EMIA","IN"
"2354","303186","EMIA","UZ"
"2355","A00597","EMIA","TW"
"2356","A00395","EMIA","MY"
"2357","301604","EMIA","RU"
"2358","A00434","EMIA","YE"
"2359","302554","EMIA","HK"
"2360","004564","EMIA","TR"
"2361","301963","EMIA","UZ"
"2362","300878","EMIA","ZA"
"2363","A00254","EMIA","HK"
"2364","A00250","EMIA","HK"
"2365","A00315","EMIA","MA"
"2366","A00250","EMIA","TW"
"2367","A00315","EMIA","KZ"
"2368","304239","EMIA","KZ"
"2369","A00223","EMIA","BY"
"2370","301232","LATAM","CL"
"2371","303319","EMIA","RU"
"2372","301570","EMIA","RU"
"2373","A00481","ASIA","KR"
"2374","301963","EMIA","KZ"
"2375","303260","EMIA","UA"
"2376","A00395","EMIA","AZ"
"2377","303002","EMIA","AM"
"2378","A00054","EMIA","FSA"
"2379","301566","EMIA","RU"
"2380","301676","EMIA","RU"
"2381","301712","EMIA","RU"
"2382","302658","LATAM","PE"
"2383","303370","EMIA","RU"
"2384","304800","EMIA","HK"
"2385","304238","EMIA","UA"
"2386","301676","EMIA","GE"
"2387","303186","EMIA","AZ"
"2388","A00306","LATAM","PE"
"2389","A00315","EMIA","TR"
"2390","303186","EMIA","TM"
"2391","A00597","EMIA","TR"
"2392","A00086","EMIA","PH"
"2393","301833","EMIA","RU"
"2394","302152","EMIA","RU"
"2395","304427","EMIA","ZA"
"2396","002926","LATAM","MX"
"2397","A00254","EMIA","TW"
"2398","A00250","EMIA","DZ"
"2399","A00315","EMIA","UA"
"2400","003012","LATAM","MX"
"2401","A00250","EMIA","BD"
"2402","A00315","EMIA","KW"
"2403","A00223","EMIA","UA"
"2404","302150","EMIA","RU"
"2405","301570","EMIA","TW"
"2406","303002","EMIA","TM"
"2407","303386","EMIA","RU"
"2408","400102","LATAM","MX"
"2409","003529","LATAM","PE"
"2410","302849","EMIA","KZ"
"2411","301963","EMIA","GE"
"2412","A00223","EMIA","KZ"
"2413","301258","LATAM","PE"
"2414","A00395","EMIA","AU"
"2415","A00054","EMIA","RU"
"2416","302650","LATAM","PE"
"2417","301676","EMIA","KZ"
"2418","301576","EMIA","RU"
"2419","A00022","LATAM","PE"
"2420","A00086","EMIA","TW"
"2421","304238","EMIA","BY"
"2422","304250","EMIA","UA"
"2423","301676","EMIA","AZ"
"2424","304300","EMIA","HK"
"2425","303186","EMIA","AM"
"2426","301195","LATAM","PE"
"2427","A00315","EMIA","TH"
"2428","A00395","EMIA","ZA"
"2429","301052","LATAM","PE"
"2430","A00434","EMIA","AM"
"2431","304510","EMIA","ZA"
"2432","301088","EMIA","KG"
"2433","301865","EMIA","MD"
"2434","A00315","EMIA","VN"
"2435","A00373","EMIA","RU"
"2436","304510","EMIA","RU"
"2437","301831","EMIA","ZA"
"2438","302470","EMIA","AZ"
"2439","301609","EMIA","RU"
"2440","301731","EMIA","FSA"
"2441","A00476","EMIA","UA"
"2442","A00435","EMIA","RU"
"2443","A00476","EMIA","KZ"
"2444","300881","LATAM","CL"
"2445","303379","EMIA","RU"
"2446","A00481","EMIA","SA"
"2447","301479","EMIA","ZA"
"2448","301783","EMIA","RU"
"2449","A00534","EMIA","TR"
"2450","A00250","EMIA","KW"
"2451","A00315","EMIA","UZ"
"2452","004894","EMIA","HK"
"2453","A00390","EMIA","CN"
"2454","302328","LATAM","PE"
"2455","303463","EMIA","TR"
"2456","400211","LATAM","MX"
"2457","500270","EMIA","ID"
"2458","304896","ASIA","KR"
"2459","304831","EMIA","TR"
"2460","301474","EMIA","VN"
"2461","305084","EMIA","IN"
"2462","A00481","EMIA","ZA"
"2463","004752","LATAM","BR"
"2464","004151","LATAM","MX"
"2465","004286","LATAM","MX"
"2466","301088","EMIA","BY"
"2467","304028","EMIA","AM"
"2468","A00315","EMIA","AM"
"2469","304510","ASIA","KR"
"2470","301088","EMIA","AZ"
"2471","A00534","EMIA","KZ"
"2472","A00315","EMIA","ZA"
"2473","A00250","EMIA","BY"
"2474","301460","EMIA","RU"
"2475","302873","EMIA","BY"
"2476","304366","EMIA","ZA"
"2477","302007","EMIA","UA"
"2478","A00476","EMIA","VN"
"2479","301865","EMIA","TM"
"2480","004468","EMIA","RU"
"2481","A00373","EMIA","KZ"
"2482","A00481","EMIA","CN"
"2483","A00254","EMIA","SG"
"2484","A00250","EMIA","ID"
"2485","A00315","EMIA","MD"
"2486","A00435","EMIA","PH"
"2487","A00476","EMIA","HK"
"2488","303379","EMIA","ZA"
"2489","301479","EMIA","RU"
"2490","300984","LATAM","CL"
"2491","303381","EMIA","RU"
"2492","500270","EMIA","ZA"
"2493","A00206","LATAM","CL"
"2494","301460","EMIA","VN"
"2495","302524","EMIA","RU"
"2496","302470","EMIA","GE"
"2497","302203","EMIA","RU"
"2498","301064","EMIA","SG"
"2499","004752","LATAM","AR"
"2500","004286","LATAM","AR"
"2501","302850","EMIA","RU"
"2502","A00315","EMIA","GE"
"2503","A00534","EMIA","UZ"
"2504","302470","EMIA","AM"
"2505","A00166","EMIA","TR"
"2506","301088","EMIA","UZ"
"2507","302873","EMIA","RU"
"2508","304366","EMIA","KZ"
"2509","A00373","EMIA","GE"
"2510","304510","EMIA","UA"
"2511","301865","EMIA","BY"
"2512","A00250","EMIA","RU"
"2513","A00315","EMIA","NZ"
"2514","301078","EMIA","FSA"
"2515","A00481","EMIA","KZ"
"2516","A00250","EMIA","TR"
"2517","A00435","EMIA","HK"
"2518","A00476","EMIA","ID"
"2519","301181","EMIA","LK"
"2520","A00476","EMIA","TW"
"2521","303373","EMIA","RU"
"2522","A00481","EMIA","UA"
"2523","301829","EMIA","ZA"
"2524","303363","EMIA","RU"
"2525","A00390","EMIA","RU"
"2526","004752","LATAM","PE"
"2527","304382","EMIA","KZ"
"2528","004286","LATAM","PE"
"2529","301088","EMIA","AM"
"2530","301861","EMIA","BY"
"2531","A00119","LATAM","PE"
"2532","A00534","EMIA","RU"
"2533","302850","ASIA","KR"
"2534","303315","EMIA","RU"
"2535","500270","EMIA","KZ"
"2536","304849","EMIA","KZ"
"2537","301731","EMIA","RU"
"2538","004752","LATAM","VE"
"2539","A00315","EMIA","RU"
"2540","300936","EMIA","VN"
"2541","301088","EMIA","MD"
"2542","A00315","EMIA","SG"
"2543","A00373","EMIA","UA"
"2544","304510","EMIA","KZ"
"2545","A00534","EMIA","UA"
"2546","A00250","EMIA","MD"
"2547","A00180","LATAM","PE"
"2548","A00035","EMIA","SG"
"2549","A00258","ASIA","KR"
"2550","A00435","EMIA","UZ"
"2551","A00476","EMIA","RU"
"2552","A00476","EMIA","KW"
"2553","A00315","EMIA","MY"
"2554","301078","EMIA","KZ"
"2555","301474","EMIA","GE"
"2556","A00481","EMIA","TR"
"2557","A00390","EMIA","PH"
"2558","004752","LATAM","MX"
"2559","004286","LATAM","CL"
"2560","004819","EMIA","RU"
"2561","A00534","EMIA","NZ"
"2562","A00324","LATAM","PE"
"2563","303315","EMIA","KZ"
"2564","A00250","EMIA","LK"
"2565","301088","EMIA","GE"
"2566","301861","EMIA","HK"
"2567","304028","EMIA","MD"
"2568","A00315","EMIA","PH"
"2569","304510","EMIA","AU"
"2570","301088","EMIA","KZ"
"2571","304028","EMIA","ID"
"2572","A00315","EMIA","YE"
"2573","A00233","EMIA","KZ"
"2574","A00373","EMIA","ZA"
"2575","304510","EMIA","TR"
"2576","500270","EMIA","SG"
"2577","004552","EMIA","ZA"
"2578","302470","EMIA","UA"
"2579","A00534","EMIA","BY"
"2580","301731","EMIA","TM"
"2581","A00476","EMIA","ZA"
"2582","304568","EMIA","CN"
"2583","A00108","LATAM","PE"
"2584","A00035","EMIA","MY"
"2585","301865","EMIA","UA"
"2586","A00435","EMIA","VN"
"2587","A00476","EMIA","MD"
"2588","A00098","LATAM","CL"
"2589","A00437","LATAM","PE"
"2590","A00250","EMIA","KZ"
"2591","A00315","EMIA","BY"
"2592","A00258","EMIA","TW"
"2593","A00390","EMIA","MY"
"2594","004752","LATAM","CL"
"2595","303463","EMIA","ZA"
"2596","500270","EMIA","TR"
"2597","A00534","EMIA","MD"
"2598","301474","EMIA","AM"
"2599","A00481","EMIA","RU"
"2600","001771","EMIA","TR"
"2601","301863","EMIA","BY"
"2602","A00250","EMIA","PH"
"2603","004286","LATAM","VE"
"2604","301088","EMIA","RU"
"2605","304028","EMIA","AZ"
"2606","A00315","EMIA","HK"
"2607","301235","LATAM","CL"
"2608","301106","LATAM","CL"
"2609","A00210","EMIA","TW"
"2610","301786","LATAM","BR"
"2611","A00468","EMIA","KZ"
"2612","304241","EMIA","KZ"
"2613","302985","EMIA","VN"
"2614","301118","EMIA","TW"
"2615","A00365","EMIA","BY"
"2616","A00468","EMIA","PH"
"2617","A00397","EMIA","BY"
"2618","A00344","EMIA","VN"
"2619","302459","EMIA","AZ"
"2620","A00349","EMIA","KZ"
"2621","A00477","LATAM","VE"
"2622","001771","EMIA","SG"
"2623","301264","LATAM","PE"
"2624","301509","LATAM","AR"
"2625","003562","LATAM","CL"
"2626","301549","EMIA","RU"
"2627","303356","EMIA","UZ"
"2628","305081","EMIA","IN"
"2629","A00468","EMIA","HK"
"2630","301117","EMIA","TR"
"2631","301202","LATAM","CL"
"2632","301761","EMIA","UA"
"2633","302985","EMIA","GE"
"2634","301868","LATAM","CL"
"2635","301189","EMIA","AM"
"2636","302459","EMIA","AM"
"2637","A00349","EMIA","HK"
"2638","300972","EMIA","TH"
"2639","301303","EMIA","TW"
"2640","500176","EMIA","TR"
"2641","A00221","LATAM","CL"
"2642","A00069","EMIA","HK"
"2643","301082","EMIA","LK"
"2644","300878","EMIA","UA"
"2645","001032","LATAM","MX"
"2646","A00365","EMIA","UZ"
"2647","A00210","EMIA","NZ"
"2648","A00468","EMIA","UA"
"2649","301449","EMIA","TR"
"2650","A00397","EMIA","TW"
"2651","A00344","EMIA","TR"
"2652","301549","EMIA","TR"
"2653","A00069","EMIA","ZA"
"2654","301082","EMIA","PH"
"2655","304570","EMIA","CN"
"2656","300878","EMIA","LK"
"2657","302985","EMIA","UZ"
"2658","001771","EMIA","AZ"
"2659","A00468","EMIA","LK"
"2660","A00397","EMIA","TR"
"2661","A00072","EMIA","RU"
"2662","302985","EMIA","AZ"
"2663","A00430","EMIA","UZ"
"2664","003413","LATAM","BR"
"2665","301509","LATAM","VE"
"2666","A00231","EMIA","BY"
"2667","301536","EMIA","UA"
"2668","301117","EMIA","UA"
"2669","301031","EMIA","BY"
"2670","302571","EMIA","RU"
"2671","A00349","EMIA","UZ"
"2672","500176","EMIA","UA"
"2673","302985","EMIA","RU"
"2674","301189","EMIA","HK"
"2675","302459","EMIA","MD"
"2676","A00349","EMIA","RU"
"2677","302917","EMIA","RU"
"2678","A00365","EMIA","TR"
"2679","300972","EMIA","VN"
"2680","304026","EMIA","MD"
"2681","A00210","EMIA","LK"
"2682","A00344","EMIA","KZ"
"2683","301098","EMIA","NZ"
"2684","A00365","EMIA","AM"
"2685","301079","EMIA","NZ"
"2686","A00468","EMIA","AZ"
"2687","302986","EMIA","HK"
"2688","301549","EMIA","UA"
"2689","001771","EMIA","PH"
"2690","A00017","EMIA","TR"
"2691","003458","LATAM","MX"
"2692","A00468","EMIA","AM"
"2693","003414","LATAM","BR"
"2694","004184","LATAM","CL"
"2695","A00397","EMIA","RU"
"2696","301614","EMIA","RU"
"2697","302985","EMIA","AM"
"2698","302459","EMIA","UA"
"2699","A00349","EMIA","AM"
"2700","303324","EMIA","RU"
"2701","301509","LATAM","PE"
"2702","A00231","EMIA","TR"
"2703","301536","EMIA","RU"
"2704","302917","EMIA","IN"
"2705","302227","LATAM","PE"
"2706","304026","EMIA","AZ"
"2707","A00238","EMIA","UA"
"2708","500176","EMIA","NZ"
"2709","A00359","EMIA","UA"
"2710","301118","EMIA","ZA"
"2711","303442","EMIA","ZA"
"2712","A00365","EMIA","VN"
"2713","A00365","EMIA","RU"
"2714","A00210","EMIA","UZ"
"2715","301549","EMIA","ZA"
"2716","A00337","EMIA","TW"
"2717","302647","LATAM","PE"
"2718","305095","EMIA","CN"
"2719","304287","EMIA","HK"
"2720","A00468","EMIA","TH"
"2721","302986","EMIA","NG"
"2722","004184","LATAM","BR"
"2723","302312","EMIA","UZ"
"2724","302985","EMIA","UA"
"2725","302872","EMIA","RU"
"2726","302459","EMIA","GE"
"2727","304376","EMIA","KZ"
"2728","001771","EMIA","RU"
"2729","A00468","EMIA","TW"
"2730","A00017","EMIA","RU"
"2731","301221","EMIA","TR"
"2732","A00468","EMIA","GE"
"2733","301509","LATAM","CL"
"2734","A00231","EMIA","KZ"
"2735","301942","EMIA","SA"
"2736","303351","EMIA","KZ"
"2737","A00149","LATAM","PE"
"2738","A00397","EMIA","AM"
"2739","301182","EMIA","NZ"
"2740","A00349","EMIA","PH"
"2741","A00143","LATAM","PE"
"2742","400215","LATAM","MX"
"2743","303428","EMIA","RU"
"2744","A00154","LATAM","PE"
"2745","301897","EMIA","DZ"
"2746","302932","EMIA","VN"
"2747","301116","EMIA","NZ"
"2748","302917","EMIA","CN"
"2749","302985","EMIA","BY"
"2750","304026","EMIA","AM"
"2751","301183","EMIA","NZ"
"2752","A00069","EMIA","PH"
"2753","301082","EMIA","NZ"
"2754","A00337","EMIA","VN"
"2755","500270","EMIA","HK"
"2756","A00599","EMIA","TR"
"2757","302504","EMIA","UA"
"2758","A00559","EMIA","UA"
"2759","304459","EMIA","KZ"
"2760","A00354","EMIA","RU"
"2761","303449","EMIA","AZ"
"2762","302504","EMIA","BY"
"2763","A00578","LATAM","PE"
"2764","303462","EMIA","ZA"
"2765","303002","EMIA","UA"
"2766","001369","EMIA","TW"
"2767","A00110","LATAM","PE"
"2768","001771","EMIA","AM"
"2769","301723","EMIA","SA"
"2770","A00424","LATAM","VE"
"2771","A00367","EMIA","BY"
"2772","A00395","EMIA","HK"
"2773","A00255","EMIA","SG"
"2774","A00359","EMIA","DZ"
"2775","302504","EMIA","MD"
"2776","500345","EMIA","UZ"
"2777","A00434","EMIA","BY"
"2778","300983","LATAM","PE"
"2779","303385","EMIA","RU"
"2780","500270","EMIA","PH"
"2781","A00359","EMIA","GE"
"2782","003433","LATAM","BR"
"2783","A00354","EMIA","UA"
"2784","303449","EMIA","AM"
"2785","302504","EMIA","AZ"
"2786","A00368","EMIA","NZ"
"2787","A00339","EMIA","TR"
"2788","A00359","EMIA","RU"
"2789","A00241","EMIA","HK"
"2790","A00255","EMIA","KZ"
"2791","A00386","EMIA","NG"
"2792","301098","EMIA","RU"
"2793","A00425","LATAM","PE"
"2794","A00367","EMIA","TW"
"2795","302504","EMIA","KZ"
"2796","500345","EMIA","KZ"
"2797","303451","EMIA","ZA"
"2798","301760","EMIA","ZA"
"2799","304244","EMIA","KZ"
"2800","A00227","EMIA","ZA"
"2801","001771","EMIA","GE"
"2802","A00434","EMIA","UZ"
"2803","303385","EMIA","KZ"
"2804","A00277","LATAM","PE"
"2805","500270","EMIA","VN"
"2806","301692","EMIA","RU"
"2807","A00354","EMIA","TW"
"2808","303449","EMIA","MD"
"2809","A00599","EMIA","UZ"
"2810","302504","EMIA","AM"
"2811","A00359","EMIA","AZ"
"2812","303424","EMIA","UA"
"2813","304993","EMIA","ZA"
"2814","301198","LATAM","CL"
"2815","301571","EMIA","RU"
"2816","304249","EMIA","UA"
"2817","A00339","EMIA","ZA"
"2818","301570","EMIA","HK"
"2819","303002","EMIA","KG"
"2820","A00467","LATAM","PE"
"2821","301046","EMIA","TH"
"2822","A00255","EMIA","UZ"
"2823","A00215","LATAM","PE"
"2824","004901","EMIA","HK"
"2825","A00395","EMIA","KW"
"2826","A00367","EMIA","HK"
"2827","A00451","LATAM","PE"
"2828","A00598","EMIA","TR"
"2829","303449","EMIA","GE"
"2830","302504","EMIA","KG"
"2831","500345","EMIA","TR"
"2832","A00434","EMIA","MD"
"2833","304244","EMIA","RU"
"2834","301689","EMIA","RU"
"2835","A00434","EMIA","RU"
"2836","301784","LATAM","BR"
"2837","001369","EMIA","KZ"
"2838","A00599","EMIA","UA"
"2839","302504","EMIA","UZ"
"2840","A00359","EMIA","AM"
"2841","A00228","EMIA","MD"
"2842","303447","EMIA","ZA"
"2843","303262","EMIA","KZ"
"2844","A00264","LATAM","PE"
"2845","304249","EMIA","KZ"
"2846","303002","EMIA","RU"
"2847","302409","LATAM","BR"
"2848","302092","EMIA","SA"
"2849","301037","LATAM","PE"
"2850","500270","EMIA","TH"
"2851","303372","EMIA","RU"
"2852","A00367","EMIA","TR"
"2853","003520","LATAM","PE"
"2854","A00598","EMIA","KZ"
"2855","301481","ASIA","KR"
"2856","A00191","LATAM","PE"
"2857","A00395","EMIA","ID"
"2858","303449","EMIA","UA"
"2859","302504","EMIA","GE"
"2860","304244","EMIA","UA"
"2861","302504","EMIA","TJ"
"2862","A00434","EMIA","PH"
"2863","001369","EMIA","RU"
"2864","303377","EMIA","RU"
"2865","301668","EMIA","UA"
"2866","300878","EMIA","GE"
"2867","002866","LATAM","MX"
"2868","301963","EMIA","RU"
"2869","500197","EMIA","RU"
"2870","301189","EMIA","BY"
"2871","002584","LATAM","MX"
"2872","302339","EMIA","AM"
"2873","A00209","LATAM","CL"
"2874","A00069","EMIA","TH"
"2875","A00045","EMIA","UA"
"2876","301739","EMIA","BY"
"2877","300878","EMIA","MD"
"2878","301668","EMIA","RU"
"2879","500197","EMIA","TR"
"2880","301189","EMIA","VN"
"2881","303367","EMIA","RU"
"2882","302339","EMIA","TM"
"2883","301858","EMIA","BY"
"2884","302655","LATAM","PE"
"2885","A00069","EMIA","KW"
"2886","301456","EMIA","RU"
"2887","A00045","EMIA","TW"
"2888","303318","EMIA","RU"
"2889","301739","EMIA","RU"
"2890","A00286","EMIA","KZ"
"2891","301668","EMIA","TR"
"2892","301453","EMIA","KZ"
"2893","A00586","EMIA","DZ"
"2894","303374","EMIA","RU"
"2895","301189","EMIA","AZ"
"2896","004435","EMIA","ZA"
"2897","301066","EMIA","SG"
"2898","301033","LATAM","CL"
"2899","A00024","LATAM","PE"
"2900","302090","EMIA","HK"
"2901","302339","EMIA","GE"
"2902","302870","EMIA","RU"
"2903","305166","EMIA","UA"
"2904","A00045","EMIA","ZA"
"2905","003526","LATAM","PE"
"2906","A00200","EMIA","KW"
"2907","301739","EMIA","ZA"
"2908","A00069","EMIA","GE"
"2909","300878","EMIA","RU"
"2910","302982","EMIA","NG"
"2911","A00069","ASIA","KR"
"2912","A00045","EMIA","TR"
"2913","004811","EMIA","RU"
"2914","301529","EMIA","CN"
"2915","301453","EMIA","TW"
"2916","A00229","EMIA","AM"
"2917","302985","EMIA","KZ"
"2918","301189","EMIA","TW"
"2919","301337","LATAM","BR"
"2920","A00077","LATAM","PE"
"2921","400200","LATAM","MX"
"2922","302246","LATAM","CL"
"2923","400131","LATAM","MX"
"2924","304384","EMIA","KZ"
"2925","302339","EMIA","AZ"
"2926","304379","EMIA","KZ"
"2927","A00085","LATAM","PE"
"2928","A00200","EMIA","UA"
"2929","301740","EMIA","BY"
"2930","004813","EMIA","RU"
"2931","A00069","EMIA","SG"
"2932","A00069","EMIA","AZ"
"2933","A00045","EMIA","HK"
"2934","301668","EMIA","KZ"
"2935","301453","EMIA","UA"
"2936","003133","LATAM","MX"
"2937","A00229","EMIA","ZA"
"2938","300878","EMIA","AM"
"2939","004808","EMIA","RU"
"2940","303796","EMIA","ZA"
"2941","304562","EMIA","CN"
"2942","301529","EMIA","FSA"
"2943","301189","EMIA","LK"
"2944","302339","EMIA","KZ"
"2945","003604","LATAM","CL"
"2946","A00069","EMIA","UA"
"2947","A00069","EMIA","AU"
"2948","A00045","EMIA","VN"
